word	count	input	prefixOutputs	riKarLeak
করিয়া	23738	koriya	ক|কো|কর|করি|কোরীয়|কোরিয়া	false
করিতে	12981	korite	ক|কো|কর|করি|করিত|করিতে	false
করি	7641	kori	ক|কো|কর|করি	false
করিলেন	7427	korilen	ক|কো|কর|করি|করিল|করিলে|করিলেন	false
তারিখ	6017	tarikh	ত|তা|তার|তারি|তারিখ|তারিখ	false
করিল	5508	koril	ক|কো|কর|করি|করিল	false
তৈরি	5452	toiri	ত|তো|টয়|তৈয়র|তৈরী	false
মৃত্যু	5331	mrrityu	ম|ময়র|মর|ম্র্রি|মৃত|মৃত্য|মৃত্যু	false
ব্রিটিশ	5118	british	ব|বড়র|ব্রি|বৃত্ত|বৃত্তি|ব্রিটিশ|ব্রিটিশ	true
পরিচিত	5038	porichit	প|পো|পর|পড়ি|পড়িছ|পরিচয়|পড়িচি|পরিচিত	false
করিবে	4814	koribe	ক|কো|কর|করি|করিব|করিবে	false
ত্রি	4734	tri	ত|ত্রয়|ট্রি	false
সরকারি	4690	sorokari	সঃ|সো|সর|সরো|সড়ক|সরকা|সরকার|সরকারি	false
জানুয়ারি	4491	januyari	জ|জা|জান|জানু|জানুয়|জানুযারি|জানুযারি|জানুয়ারি	false
এপ্রিল	4282	epril	এ|এপ|এপ্র|এপ্রি|এপ্রিল	false
করিলে	3884	korile	ক|কো|কর|করি|করিল|করিলে	false
উদ্ধৃতি	3746	uddhrriti	উ|উদয়|উদয়|উদ্ধ|উদ্ধ্র|উদ্ধ্র্র|উদ্ধৃত|উদ্ধৃত|উদ্ধৃতি	false
প্রভৃতি	3617	probhrriti	প|প্র|প্রো|প্রোব|প্রভ|প্রভ্র|প্রভ্র|প্রভাকরের|প্রভ্র্রিত|প্রভৃতি	false
ব্যবহৃত	3389	byobohrrit	ব|ব্য|ব্য|ব্যব|ব্যব|ব্যবহার|ব্যবহার|ব্যবহ্র্র|ব্যবহারকারী|ব্যবহৃত	false
করিব	3246	korib	ক|কো|কর|করি|করিব	false
করিবার	3081	koribar	ক|কো|কর|করি|করিব|করিবা|করিবার	false
পৃথিবীর	2822	prrithibiir	প|প্র|প্রর|প্র্রি|প্রিট|পৃথক|পৃথি|পৃথিবী|পৃথিবী|পৃথিবী|পৃথিবীর	false
হৃদয়	2794	hrridoy	হ|এচার|হরর|হ্র্রি|হৃদ|হৃদ|হৃদয়	false
তৃতীয়	2771	trritiiy	ত|ত্রয়|ট্রয়র|ত্র্রি|ট্রিট|তৃতীয়|তৃতীয়|তৃতীয়	false
বৃদ্ধি	2761	brriddhi	ব|বড়র|বর|ব্র্রি|ব্র্রিদ|বৃদ্ধদের|বৃদ্ধ|বৃদ্ধি	false
কর্তৃক	2730	kortrrik	ক|কো|কর|কোর্ট|কোর্টর|কোর্ট্র|কর্তৃ|কর্তৃক	false
সৃষ্টি	2474	srrishti	সঃ|সিনিয়ার|স্র্র|স্র্রি|স্র্রিস|স্র্রিশ|সৃষ্ট|সৃষ্টি	false
করিয়াছেন	2458	koriyachhen	ক|কো|কর|করি|কোরীয়|কোরিয়া|করিয়াছ|করিয়াছ|করিয়াছ|করিয়াছে|করিয়াছেন	false
ফেব্রুয়ারি	2443	phebruyari	প|ফ|ফড়ে|ফেব|ফেব্র|ফেব্রু|ফেব্রুয়ারি|ফেব্রুয়া|ফেব্রুয়ার|ফেব্রুয়ারি	false
সামরিক	2409	samorik	সঃ|সা|সাম|শামো|শামর|শামরী|সামরিক	false
বৃহত্তম	2301	brrihottom	ব|বড়র|বর|ব্র্রি|বৃহ|বৃহ|বৃহৎ|বৃহৎ|ব্র্রিহত্ত|বৃহত্তম	false
পরিবর্তন	2269	poriborton	প|পো|পর|পড়ি|পরিব|পরিব|পরিবার|পরিবর্ত|পরিবর্ত|পরিবর্তন	false
পরিচয়	2224	porichoy	প|পো|পর|পড়ি|পড়িছ|পরিচয়|পরিচয়|পরিচয়	false
পারি	2221	pari	প|পা|পর|পারি	false
পরিচালক	2178	porichalok	প|পো|পর|পড়ি|পড়িছ|পরিচয়|পরিচয়া|পরিচাল|পরিচাল|পরিচালক	false
পরিণত	2177	porinot	প|পো|পর|পড়ি|পরিণয়|পরিণয়|পরিণত	false
করিয়াছিলেন	2153	koriyachhilen	ক|কো|কর|করি|কোরীয়|কোরিয়া|করিয়াছ|করিয়াছ|করিয়াছ|করিয়াছি|করিয়াছিল|করিয়াছিলে|করিয়াছিলেন	false
কৃষ্ণ	2090	krrishn	ক|ক্রয়|ক্রয়র|ক্র্রি|কৃষ|কৃষ|কৃষ্ণ	false
ক্রিকেট	2060	kriket	ক|ক্রয়|ক্রি|ক্রিক|ক্রিকে|ক্রিকেট	false
মৃত্যুর	2042	mrrityur	ম|ময়র|মর|ম্র্রি|মৃত|মৃত্য|মৃত্যু|মৃত্যুর	false
পরিমাণ	2021	poriman	প|পো|পর|পড়ি|পরিম|পৃথা|পরিমাণ	true
জনপ্রিয়	2012	jonopriy	জ|জো|জন|জনা|জনপ|জনপ্রতি|জনপ্রি|জনপ্রিয়	false
করিতেন	1961	koriten	ক|কো|কর|করি|করিত|করিতে|করিতেন	false
আমেরিকান	1842	amerikan	আ|আম|আমে|আমের|আমেরি|আমেরিক|আমেরিকা|আমেরিকান	false
বিস্তৃত	1831	bistrrit	ব|বি|বিশ্ব|বিস্ট|বিস্টর|বিস্ট্র|বিস্ত্রোর|বিস্তৃত	false
ক্রিকেটার	1825	kriketar	ক|ক্রয়|ক্রি|ক্রিক|ক্রিকে|ক্রিকেট|ক্রিকেটা|ক্রিকেটার	false
সংস্কৃত	1810	songskrrit	সঃ|সো|সন|সং|সংস|সংস্করণ|সংস্ক্র|সংস্ক্রিয়া|সংস্কৃত|সংস্কৃত	false
করিতেছে	1773	koritechhe	ক|কো|কর|করি|করিত|করিতে|করিতেছ|করিতেছ|করিতেছ|করিতেছে	false
প্রাকৃতিক	1747	prakrritik	প|প্র|প্রায়|প্রাক|প্রাকর|প্রাক্র|প্রাকৃত|প্রাকৃত|প্রাকৃতি|প্রাকৃতিক	false
করিয়াছে	1737	koriyachhe	ক|কো|কর|করি|কোরীয়|কোরিয়া|করিয়াছ|করিয়াছ|করিয়াছ|করিয়াছে	false
সংস্কৃতি	1722	songskrriti	সঃ|সো|সন|সং|সংস|সংস্করণ|সংস্ক্র|সংস্ক্রিয়া|সংস্কৃত|সংস্কৃত|সংস্কৃতি	false
কৃষি	1690	krrishi	ক|ক্রয়|ক্রয়র|ক্র্রি|কৃষ|কৃষ|কৃষি	false
পরিবার	1662	poribar	প|পো|পর|পড়ি|পরিব|পরিবা|পরিবার	false
পরিচালিত	1591	porichalit	প|পো|পর|পড়ি|পড়িছ|পরিচয়|পরিচয়া|পরিচাল|পরিচালি|পরিচালিত	false
বৃহৎ	1569	brrihot	ব|বড়র|বর|ব্র্রি|বৃহ|বৃহ|বৃহৎ	false
হৃদয়ে	1520	hrridoye	হ|এচার|হরর|হ্র্রি|হৃদ|হৃদ|হৃদয়|হৃদয়ে	false
ফিরিয়া	1508	phiriya	প|ফ|ফি|ফির|ফিরি|ফিরিয়|ফিরিয়া	false
চারি	1463	chari	ছ|চ|চায়|চার|চারি	false
ধরিয়া	1457	dhoriya	দ|ঢ|ধোয়|ধর|ধরি|ধরিয়|ধরিয়া	false
করিত	1454	korit	ক|কো|কর|করি|করিত	false
করিবেন	1434	koriben	ক|কো|কর|করি|করিব|করিবে|করিবেন	false
পৃথিবী	1409	prrithibii	প|প্র|প্রর|প্র্রি|প্রিট|পৃথক|পৃথি|পৃথিবী|পৃথিবী|পৃথিবী	false
সাংস্কৃতিক	1404	sangskrritik	সঃ|সা|সান|সাঙ|সাঁস|সাংস্ক|সাংস্কৃতিক|সাংস্ক্র্র|সাংস্কৃতি|সাংস্কৃতি|সাংস্কৃতি|সাংস্কৃতিক	false
গ্রিক	1363	grik	গ|গড়র|গড়ি|গ্রিক	false
খ্রিষ্টাব্দে	1313	khrishtabde	ক|খ|খর|খ্রি|খ্রিস|খ্রীষ্ট|খ্রিষ্ট|খ্রিষ্টা|খ্রিশ্তাব|খ্রিষ্টাব্দ|খ্রিষ্টাব্দে	false
পৃথক	1270	prrithok	প|প্র|প্রর|প্র্রি|প্রিট|পৃথক|পৃথক|পৃথক	false
পরিচালনা	1258	porichalona	প|পো|পর|পড়ি|পড়িছ|পরিচয়|পরিচয়া|পরিচাল|পরিচাল|পরিচালন|পরিচালনা	false
করিলাম	1219	korilam	ক|কো|কর|করি|করিল|করিলা|করিলাম	false
দৃষ্টি	1198	drrishti	দ|ড্র|ড্রর|দ্র্রি|দৃশ্য|দৃশ্য|দৃষ্ট|দৃষ্টি	false
পরিবারের	1184	poribarer	প|পো|পর|পড়ি|পরিব|পরিবা|পরিবার|পরিবারে|পরিবারের	false
আমেরিকার	1183	amerikar	আ|আম|আমে|আমের|আমেরি|আমেরিক|আমেরিকা|আমেরিকার	false
গৃহে	1180	grrihe	গ|গড়র|গর|গ্র্রি|গৃহ|গৃহে	false
প্রকৃত	1168	prokrrit	প|প্র|প্রো|প্রক|প্রকর|প্রকর|প্রকৃত|প্রকৃত	false
প্রকৃতি	1159	prokrriti	প|প্র|প্রো|প্রক|প্রকর|প্রকর|প্রকৃত|প্রকৃত|প্রকৃতি	false
করিয়াছি	1145	koriyachhi	ক|কো|কর|করি|কোরীয়|কোরিয়া|করিয়াছ|করিয়াছ|করিয়াছ|করিয়াছি	false
পরিবহন	1130	poribohon	প|পো|পর|পড়ি|পরিব|পরিব|পরিবহ|পরিবহ|পরিবহন	false
পরিষদ	1115	porishod	প|পো|পর|পড়ি|পরিস|পরিস|পরিশ|পরিষদ	false
পরিকল্পনা	1111	porikolpona	প|পো|পর|পড়ি|পরিক|পৃথক|পৃথক|পরিকল্প|পরিকল্প|পরিকল্পন|পরিকল্পনা	true
তারিখে	1100	tarikhe	ত|তা|তার|তারি|তারিখ|তারিখ|তারিখে	false
আফ্রিকা	1090	afrika	আ|আফ|আফর|আফ্রি|আফ্রিক|আফ্রিকা	false
ডিগ্রি	1059	digri	দ|দি|দিগ|দিগর|ডিগ্রি	false
আমেরিকা	1058	amerika	আ|আম|আমে|আমের|আমেরি|আমেরিক|আমেরিকা	false
আফ্রিকার	1054	afrikar	আ|আফ|আফর|আফ্রি|আফ্রিক|আফ্রিকা|আফ্রিকার	false
করিও	1043	korio	ক|কো|কর|করি|করিও	false
নেতৃত্বে	1033	netrritbe	ন|নে|নেট|নেত্র|নেট্র|নেত্র্রি|নেতৃত্ব|নেতৃত্ব|নেতৃত্বে	false
খ্রিস্টপূর্ব	1032	khristopuurb	ক|খ|খর|খ্রি|খ্রিস|খ্রিষ্ট|খ্রিষ্ট|খ্রিস্তপ|খ্রিস্টপূর্ব|খ্রিস্টপূর্ব|খ্রিস্টপূর্ব|খ্রিস্টপূর্ব	false
চরিত্র	1031	choritr	ছ|চ|চো|চর|চড়ি|চরিত|চরিত্র	false
সরাসরি	1024	sorasori	সঃ|সো|সর|সরা|সরাস|সরাস|সরাসর|সরাসরি	false
পরিমাণে	998	porimane	প|পো|পর|পড়ি|পরিম|পৃথা|পরিমাণ|পরিমাণে	true
স্বীকৃতি	994	swiikrriti	সঃ|স্ব|সই|সোই|সওয়ীক|স্বীকর|স্বীকর|স্বীকৃত|স্বীকৃত|স্বীকৃতি	false
প্রিয়	978	priy	প|প্র|প্রিয়|প্রিয়	false
হরি	976	hori	হ|হো|হর|হরি	false
বরিশাল	974	borishal	ব|বো|বড়|বড়ি|বরিস|বরিশ|বরিষা|বরিশাল	false
পৃষ্ঠা	964	prrishtha	প|প্র|প্রর|প্র্রি|প্র্রিস|পৃষ্ঠ|পৃষ্ট|পৃষ্ঠ|পৃষ্ঠা	false
স্মৃতি	961	smrriti	সঃ|সম|স্মর|স্মর|স্ম্র্রি|স্মৃত|স্মৃতি	false
বৃক্ষ	956	brrikkh	ব|বড়র|বর|ব্র্রি|বৃক|বৃক্ক|বৃক্ষ	false
পরিবর্তে	948	poriborte	প|পো|পর|পড়ি|পরিব|পরিব|পরিবার|পরিবর্ত|পরিবর্তে	false
পরিত্যাগ	936	porityag	প|পো|পর|পড়ি|পড়িত|পৃথকত্ব|পরিত্যা|পরিত্যাগ	true
গৃহ	930	grrih	গ|গড়র|গর|গ্র্রি|গৃহ	false
আফ্রিকান	910	afrikan	আ|আফ|আফর|আফ্রি|আফ্রিক|আফ্রিকা|আফ্রিকান	false
রাত্রি	908	ratri	র|রা|রাত|রাত্র|রাত্রি	false
চারিদিকে	907	charidike	ছ|চ|চায়|চার|চারি|চারিদ|চারিদি|চারিদিক|চারিদিকে	false
খ্রিস্টান	904	khristan	ক|খ|খর|খ্রি|খ্রিস|খ্রিষ্ট|খ্রিষ্টা|খ্রিস্টান	false
অতিরিক্ত	898	otirikt	ও|অত|অতি|ওটির|ওটিরি|ওতিরিক|অতিরিক্ত	false
পত্রিকা	890	potrika	প|পো|পট|পত্র|পত্রী|পত্রিক|পত্রিকা	false
করিতেছেন	881	koritechhen	ক|কো|কর|করি|করিত|করিতে|করিতেছ|করিতেছ|করিতেছ|করিতেছে|করিতেছেন	false
প্রকৃতির	870	prokrritir	প|প্র|প্রো|প্রক|প্রকর|প্রকর|প্রকৃত|প্রকৃত|প্রকৃতি|প্রকৃতির	false
করিয়াছিল	866	koriyachhil	ক|কো|কর|করি|কোরীয়|কোরিয়া|করিয়াছ|করিয়াছ|করিয়াছ|করিয়াছি|করিয়াছিল	false
গৃহীত	857	grrihiit	গ|গড়র|গর|গ্র্রি|গৃহ|গৃহী|গৃহী|গৃহীত	false
পৃথিবীতে	854	prrithibiite	প|প্র|প্রর|প্র্রি|প্রিট|পৃথক|পৃথি|পৃথিবী|পৃথিবী|পৃথিবী|পৃথিবীতে|পৃথিবীতে	false
বৃহত্তর	838	brrihottor	ব|বড়র|বর|ব্র্রি|বৃহ|বৃহ|বৃহৎ|বৃহৎ|ব্র্রিহত্ত|বৃহত্তর	false
আদমশুমারি	798	adomoshumari	আ|আদ|আদৌ|আদম|আদম|আদমস|আদমশ|আদমশু|আদমশুমারি|আদমশুমারি|আদমশুমার|আদমশুমারি	false
বেসরকারি	798	besorokari	ব|বে|বেস|বেসো|বেসর|বেশরা|বেসরক|বেসরকারি|বেসরকারি|বেসরকারি	false
দৃশ্য	796	drrishy	দ|ড্র|ড্রর|দ্র্রি|দৃশ্য|দৃশ্য|দৃশ্য	false
পরিপূর্ণ	793	poripuurn	প|পো|পর|পড়ি|পরিপ|পরিপু|পরিপূ|পরিপূর|পরিপূর্ণ	false
পরিষ্কার	781	porishkar	প|পো|পর|পড়ি|পরিস|পরিস|পরিশ্ক|পরিশ্কা|পরিষ্কার	false
প্রসারিত	779	prosarit	প|প্র|প্রো|প্রস্হ|প্রশাঃ|প্রসার|প্রসারী|প্রসারিত	false
প্রক্রিয়া	765	prokriya	প|প্র|প্রো|প্রক|প্রকর|প্রকৃত|প্রক্রিয়|প্রক্রিয়া	true
মরি	765	mori	ম|মো|মোড়|মরি	false
পরিবর্তিত	762	poribortit	প|পো|পর|পড়ি|পরিব|পরিব|পরিবার|পরিবর্ত|পরিবর্তী|পরিবর্তিত	false
খ্রিস্টাব্দে	756	khristabde	ক|খ|খর|খ্রি|খ্রিস|খ্রিষ্ট|খ্রিষ্টা|খ্রিস্তাব|খ্রিষ্টাব্দ|খ্রিস্টাব্দে	false
ক্রিয়া	754	kriya	ক|ক্রয়|ক্রি|ক্রিয়|ক্রিয়া	false
ধরি	752	dhori	দ|ঢ|ধোয়|ধর|ধরি	false
হৃদয়ের	746	hrridoyer	হ|এচার|হরর|হ্র্রি|হৃদ|হৃদ|হৃদয়|হৃদয়ে|হৃদয়ের	false
সক্রিয়	737	sokriy	সঃ|সো|শোক|শক্র|সক্রি|সক্রিয়	false
নৃত্য	719	nrrity	ন|নর|নর|নৃ|নৃত্য|নৃত্য	false
করিয়াছ	717	koriyachh	ক|কো|কর|করি|কোরীয়|কোরিয়া|করিয়াছ|করিয়াছ|করিয়াছ	false
তারি	709	tari	ত|তা|তার|তারি	false
সমৃদ্ধ	698	somrriddh	সঃ|সো|সময়|সময়র|সময়্র|সমৃদ্ধ|সমৃদ্ধ|সমৃদ্দ|সমৃদ্ধ	false
চরিত্রে	693	choritre	ছ|চ|চো|চর|চড়ি|চরিত|চরিত্র|চরিত্রে	false
সংস্কৃতির	690	songskrritir	সঃ|সো|সন|সং|সংস|সংস্করণ|সংস্ক্র|সংস্ক্রিয়া|সংস্কৃত|সংস্কৃত|সংস্কৃতি|সংস্কৃতির	false
দৃঢ়	690	drrirh	দ|ড্র|ড্রর|দ্র্রি|ড্রির|দৃঢ়	false
বৃদ্ধ	690	brriddh	ব|বড়র|বর|ব্র্রি|ব্র্রিদ|বৃদ্ধদের|বৃদ্ধ	false
পরিবেশ	679	poribesh	প|পো|পর|পড়ি|পরিব|পরিবে|পরিবেশ|পরিবেশ	false
সারি	678	sari	সঃ|সা|সার|সারি	false
মৃত	670	mrrit	ম|ময়র|মর|ম্র্রি|মৃত	false
বিস্তারিত	667	bistarit	ব|বি|বিশ্ব|বিস্ট|বিস্টা|বিস্তার|বিস্তারি|বিস্তারিত	false
করিতেছি	661	koritechhi	ক|কো|কর|করি|করিত|করিতে|করিতেছ|করিতেছ|করিতেছ|করিতেছি	false
নাগরিক	649	nagorik	ন|না|নাগ|নাগা|নাগর|নাগরি|নাগরিক	false
বৃষ্টি	633	brrishti	ব|বড়র|বর|ব্র্রি|বৃষ|বৃষ|বৃষ্টি|বৃষ্টি	false
চুরি	622	churi	ছ|চ|চু|চুর|চুরি	false
ফরিদপুর	601	phoridopur	প|ফ|ফো|ফর|ফরি|ফরিদ|ফরিদ|ফরিদপ|ফরিদপু|ফরিদপুর	false
স্বীকৃত	600	swiikrrit	সঃ|স্ব|সই|সোই|সওয়ীক|স্বীকর|স্বীকর|স্বীকৃত|স্বীকৃত	false
হারিয়ে	600	hariye	হ|হা|হার|হ্যারি|হারিয়|হারিয়ে	false
ভারি	595	bhari	ব|ভ|ভা|ভার|ভারী	false
পরিসংখ্যান	593	porisongkhyan	প|পো|পর|পড়ি|পরিস|পরিস|পরিসন|পরিসং|পরিসংক|পরিসংখ|পরিসংখ্য|পরিসংখ্যা|পরিসংখ্যান	false
মুদ্রিত	592	mudrit	ম|মু-|মুড|মুদ্র|মুদ্রি|মুদ্রিত	false
বৃদ্ধির	587	brriddhir	ব|বড়র|বর|ব্র্রি|ব্র্রিদ|বৃদ্ধদের|বৃদ্ধ|বৃদ্ধি|বৃদ্ধির	false
পরিষেবা	579	porisheba	প|পো|পর|পড়ি|পরিস|পরিস|পরিশে|পৃষ্ঠতলে|পরিষেবা	true
খ্রিষ্টাব্দের	567	khrishtabder	ক|খ|খর|খ্রি|খ্রিস|খ্রীষ্ট|খ্রিষ্ট|খ্রিষ্টা|খ্রিশ্তাব|খ্রিষ্টাব্দ|খ্রিষ্টাব্দে|খ্রিষ্টাব্দের	false
ইঞ্জিনিয়ারিং	557	injiniyaring	ঈ|ইন|ইন্জ|ইঞ্জি|ইঞ্জিন|ইঞ্জিনি|ইন্জিনিয়|ইঞ্জিনিয়ার|ইঞ্জিনিয়ার|ইঞ্জিনিয়ারি|ইন্জিনিয়ারিন|ইঞ্জিনিয়ারিং	false
একত্রিত	555	ekotrit	এ|এক|একা|একট|একত্র|একত্রী|একত্রিত	false
গৃহের	553	grriher	গ|গড়র|গর|গ্র্রি|গৃহ|গৃহে|গৃহের	false
পরিমাপ	547	porimap	প|পো|পর|পড়ি|পরিম|পৃথা|পরিমাপ	true
দরিদ্র	545	doridr	দ|ডঃ|দর|দড়ি|দরিদ|দরিদ্র	false
মৃদু	545	mrridu	ম|ময়র|মর|ম্র্রি|ম্র্রিদ|মৃদু	false
কৃষ্ণের	542	krrishner	ক|ক্রয়|ক্রয়র|ক্র্রি|কৃষ|কৃষ|কৃষ্ণ|কৃষ্ণে|কৃষ্ণের	false
ত্রিপুরা	540	tripura	ত|ত্রয়|ট্রি|ট্রিপ|ট্রিপু|ত্রিপুর|ত্রিপুরা	false
গণতান্ত্রিক	535	gonotantrik	গ|গো|গণ|গোনা|গৌণত|গৌণতা|গনতন্ত্র|গনতন্ত্র|গনতন্ত্র|গনতন্ত্র|গণতান্ত্রিক	false
মৃত্যুবরণ	533	mrrityuboron	ম|ময়র|মর|ম্র্রি|মৃত|মৃত্য|মৃত্যু|মৃত্যুবরণ|ম্র্রিত্যুব|মৃত্যুবরণ|মৃত্যুবরণ|মৃত্যুবরণ	false
আবিষ্কৃত	533	abishkrrit	আ|আব|আবি|আবিস|আবিশ|আবিষ্কার|আবিষ্কার|আবিষ্ক্রিয়া|আবিষ্কৃত|আবিষ্কৃত	false
নির্ধারিত	533	nirdharit	ন|নি|নির|নিরদ|নির্ধ|নির্ধারণ|নির্ধার্য|নির্ধারণ|নির্ধারিত	false
পরিবর্তনের	532	poribortoner	প|পো|পর|পড়ি|পরিব|পরিব|পরিবার|পরিবর্ত|পরিবর্ত|পরিবর্তন|পরিবর্তনে|পরিবর্তনের	false
নেতৃত্ব	528	netrritb	ন|নে|নেট|নেত্র|নেট্র|নেত্র্রি|নেতৃত্ব|নেতৃত্ব	false
রূপান্তরিত	528	ruupantorit	র|রু|রূঢ়|রূপ|রূপা|রূপান|রূপান্তর|রূপান্ত|রূপান্তর|রূপান্তরি|রূপান্তরিত	false
পরিষদের	527	porishoder	প|পো|পর|পড়ি|পরিস|পরিস|পরিশ|পরিষদ|পরিষদে|পরিষদের	false
বিক্রি	515	bikri	ব|বি|বিক|বিক্র|বিক্রি	false
মিশ্রিত	513	mishrit	ম|মি|মিস|মিশ|মিশ্র|মিশ্রি|মিশ্রিত	false
কৃষক	509	krrishok	ক|ক্রয়|ক্রয়র|ক্র্রি|কৃষ|কৃষ|কৃশ|কৃষক	false
শারীরিক	508	shariirik	সঃ|শ|শা|সার|সারি|শাড়ী|শরীর|শরীরি|শারীরিক	false
প্রেরিত	503	prerit	প|প্র|প্রে|প্রের|প্রেরি|প্রেরিত	false
জনপ্রিয়তা	500	jonopriyota	জ|জো|জন|জনা|জনপ|জনপ্রতি|জনপ্রি|জনপ্রিয়|জনপ্রিয়|জনপ্রিয়ত|জনপ্রিয়তা	false
সামুদ্রিক	499	samudrik	সঃ|সা|সাম|সামু|সামুদ|সামুদ্র|সামুদ্রি|সামুদ্রিক	false
বেরিয়ে	493	beriye	ব|বে|বের|বেরি|বেরিয়|বেরিয়ে	false
প্যারিস	491	pyaris	প|পয়|প্যা|প্যার|প্যারি|প্যারিস	false
রিচার্ড	483	richard	র|রি|রিচ|রিচ|রিচা|রিচার|রিচার্ড	false
অমৃত	482	omrrit	ও|ওম|অম্র|ওম্র|ওম্র্রি|অমৃত	false
তোমারি	478	tomari	ত|তো|তম|তোমায়|তোমার|তোমারি	false
উৎকৃষ্ট	477	utokrrisht	উ|উট|উত|উটক|উতক্র|উটক্র|উতকৃষ্ট|উতকৃষ্ট|উতকৃষ্ট|উৎকৃষ্ট	false
তৈরির	476	toirir	ত|তো|টয়|তৈয়র|তৈরী|তৈরির	false
পারিল	474	paril	প|পা|পর|পারি|পারিল	false
স্থানান্তরিত	473	sthanantorit	সঃ|স্ট্রিট|স্থ|স্থা|স্থান|স্থানা|স্থানান|স্থানান্তর|স্থানান্ত|স্থানান্তর|স্থানান্তরি|স্থানান্তরিত	false
কৃত্রিম	468	krritrim	ক|ক্রয়|ক্রয়র|ক্র্রি|কৃত|ক্র্রিত্র|ক্র্রিত্রি|কৃত্রিম	false
খৃষ্টাব্দে	467	khrrishtabde	ক|খ|খর|খ্র|খ্র্রি|খ্র্রিস|খ্রিষ্ট|খৃষ্ট|খৃষ্টা|খ্র্রিশ্তাব|খৃষ্টাব্দ|খৃষ্টাব্দে	false
প্রতিক্রিয়া	466	protikriya	প|প্র|প্রো|প্রতয়|প্রতি|প্রতীক|প্রতীকর|প্রতিক্রি|প্রতিকৃত|প্রতিক্রিয়া	true
কর্তৃপক্ষ	460	kortrripokkh	ক|কো|কর|কোর্ট|কোর্টর|কোর্ট্র|কর্তৃ|কর্তৃপ|কর্তৃপ|কর্ত্র্রিপক|কর্তৃপক্ষকে|কর্তৃপক্ষ	false
সৃষ্ট	457	srrisht	সঃ|সিনিয়ার|স্র্র|স্র্রি|স্র্রিস|স্র্রিশ|সৃষ্ট	false
আকৃতি	457	akrriti	আ|এক|একর|আক্র্র|আক্র্রি|অকৃত|আকৃতি	false
সৃষ্টির	452	srrishtir	সঃ|সিনিয়ার|স্র্র|স্র্রি|স্র্রিস|স্র্রিশ|সৃষ্ট|সৃষ্টি|সৃষ্টির	false
হ্যারি	447	hyari	হ|হ্য|হ্যাঁ|হ্যার|হ্যারি	false
বৃষ্টিপাত	446	brrishtipat	ব|বড়র|বর|ব্র্রি|বৃষ|বৃষ|বৃষ্টি|বৃষ্টি|বৃষ্টিপাত|বৃষ্টিপাত|বৃষ্টিপাত	false
দৃষ্টিতে	441	drrishtite	দ|ড্র|ড্রর|দ্র্রি|দৃশ্য|দৃশ্য|দৃষ্ট|দৃষ্টি|দৃষ্টিতে|দৃষ্টিতে	false
বৃথা	432	brritha	ব|বড়র|বর|ব্র্রি|বৃত|বৃথা|বৃথা	false
করিছে	431	korichhe	ক|কো|কর|করি|করিছ|করিছ|করিছ|করিছে	false
পরিচিতি	429	porichiti	প|পো|পর|পড়ি|পড়িছ|পরিচয়|পড়িচি|পরিচিত|পরিচিতি	false
সিরিজ	427	sirij	সঃ|সিই|সির|সিরি|সিরিজ	false
অপেক্ষাকৃত	425	opekkhakrrit	ও|অপ|ওপে|ওপেক|ওপেক|ওপেক্ষ|অপেক্ষা|অপেক্ষাকে|অপেক্ষাকৃত|অপেক্ষাকৃত|অপেক্ষাকৃত|অপেক্ষাকৃত	false
মারিয়া	424	mariya	ম|মা|মার|মারি|মাড়িয়|মারিয়া	false
প্রবৃত্ত	421	probrritt	প|প্র|প্রো|প্রোব|প্রোবর|প্রোব্র|প্রব্র্রি|প্রবৃত্ত|প্রবৃত্ত	false
দৃষ্ট	420	drrisht	দ|ড্র|ড্রর|দ্র্রি|দৃশ্য|দৃশ্য|দৃষ্ট	false
করিতেছ	420	koritechh	ক|কো|কর|করি|করিত|করিতে|করিতেছ|করিতেছ|করিতেছ	false
সরিয়ে	419	soriye	সঃ|সো|সর|সরি|সরিয়|সরিয়ে	false
হেনরি	417	henori	হ|হয়ে|হেন|হেনা|হেনার|হেনরি	false
চাকরি	415	chakori	ছ|চ|চায়|চাক|চাকা|চা-কর|চাকরি	false
আইরিশ	414	airish	আ|আই|আইর|আইরি|আইরিশ|আইরিশ	false
হেরি	414	heri	হ|হয়ে|হের|হেরি	false
ফিরিয়ে	413	phiriye	প|ফ|ফি|ফির|ফিরি|ফিরিয়|ফিরিয়ে	false
দৃষ্টিভঙ্গি	409	drrishtibhongoi	দ|ড্র|ড্রর|দ্র্রি|দৃশ্য|দৃশ্য|দৃষ্ট|দৃষ্টি|দ্র্রিশ্তিব|দ্র্রিশ্তিভ|দৃষ্টিকোণ|দৃষ্টিকোণ|দৃষ্টিভঙ্গি|দৃষ্টিভঙ্গি|দৃষ্টিভঙ্গি	false
বেসামরিক	409	besamorik	ব|বে|বেস|বেশ্যা|বেসাম|বেসামাল|বেসামরিক|বেসামরিক|বেসামরিক	false
জারি	407	jari	জ|জা|যার|জারি	false
পত্রিকায়	407	potrikay	প|পো|পট|পত্র|পত্রী|পত্রিক|পত্রিকা|পত্রিকায়	false
খ্রিস্টীয়	404	khristiiy	ক|খ|খর|খ্রি|খ্রিস|খ্রিষ্ট|খ্রিষ্টি|খ্রিষ্টী|খ্রিষ্টীয়	false
প্রচারিত	403	procharit	প|প্র|প্রো|প্রচ-|প্রচ-|পরচা|প্রচার|প্রচারি|প্রচারিত	false
বৃত্তান্ত	397	brrittant	ব|বড়র|বর|ব্র্রি|বৃত|বৃত্ত|বৃতটা|বৃত্তান্ত|বৃত্তান্ত	false
আবৃত	394	abrrit	আ|আব|আবর|আব্র|আব্র্রি|আবৃত	false
পত্রিকার	390	potrikar	প|পো|পট|পত্র|পত্রী|পত্রিক|পত্রিকা|পত্রিকার	false
খ্রিস্টাব্দ	389	khristabd	ক|খ|খর|খ্রি|খ্রিস|খ্রিষ্ট|খ্রিষ্টা|খ্রিস্তাব|খ্রিষ্টাব্দ	false
বক্তৃতা	388	boktrrita	ব|বো|বক|ব্যক্ত|বক্ত্র|বক্ত্র|বক্ত্র্রি|বক্তৃতা|বক্তৃতা	false
সমাজতান্ত্রিক	386	somajotantrik	সঃ|সো|সময়|সোমা|সমাজ|সমাজ|সমাজত|সমাজটা|সমাজতান|সমাজতান্ত|সমাজতান্ত্রিক|সমাজতান্ত্রিক|সমাজতান্ত্রিক	false
কৃত	385	krrit	ক|ক্রয়|ক্রয়র|ক্র্রি|কৃত	false
প্রভৃতির	384	probhrritir	প|প্র|প্রো|প্রোব|প্রভ|প্রভ্র|প্রভ্র|প্রভাকরের|প্রভ্র্রিত|প্রভৃতি|প্রভৃতির	false
দৃশ্যমান	382	drrishyoman	দ|ড্র|ড্রর|দ্র্রি|দৃশ্য|দৃশ্য|দৃশ্য|দৃশ্য|দ্র্রিশ্যম|দ্র্রিশ্যমা|দৃশ্যমান	false
প্রিমিয়ার	381	primiyar	প|প্র|প্রিয়|প্রিম|প্রিমি|প্রিমিয়|পৃতিকা|প্রিমিয়ার	true
ভরিয়া	378	bhoriya	ব|ভ|ভয়ও|ভর|ভরি|ভরিয়|ভরিয়া	false
পরিবেশন	375	poribeshon	প|পো|পর|পড়ি|পরিব|পরিবে|পরিবেশ|পরিবেশ|পরিবেশ|পরিবেশন	false
লাইব্রেরি	375	laibreri	ল|লা|লড়াই|লড়াইব|লাইবর|লাইব্রেরি|লাইব্রেরি|লাইব্রেরি	false
রিয়াল	374	riyal	র|রি|ঋয়|রিয়া|রিয়াল	false
রিদয়	374	ridoy	র|রি|রিড|রিদয়|রিদয়	false
রিপোর্ট	373	riport	র|রি|রিপ|রিপো|রিপর|রিপোর্ট	false
চিত্রিত	371	chitrit	ছ|চ|ছি|চিট|চিত্র|চিত্রী|চিত্রিত	false
নিয়ন্ত্রিত	369	niyontrit	ন|নি|নিয়|নিয়ো|নিয়ন|নিজন্ত|নিয়ন্ত্র|নিয়ন্ত্রী|নিয়ন্ত্রিত	false
পরিবারে	367	poribare	প|পো|পর|পড়ি|পরিব|পরিবা|পরিবার|পরিবারে	false
পারিবারিক	365	paribarik	প|পা|পর|পারি|পারিব|পারিবা|পরিবার|পরিবারি|পারিবারিক	false
কর্তৃত্ব	364	kortrritb	ক|কো|কর|কোর্ট|কোর্টর|কোর্ট্র|কর্তৃ|কর্তৃত|কর্তৃত্ব	false
করিম	362	korim	ক|কো|কর|করি|করিম	false
করিতেছিল	357	koritechhil	ক|কো|কর|করি|করিত|করিতে|করিতেছ|করিতেছ|করিতেছ|করিতেছি|করিতেছিল	false
হরিণ	355	horin	হ|হো|হর|হরি|হরিণ	false
ভরি	354	bhori	ব|ভ|ভয়ও|ভর|ভরি	false
সদৃশ	352	sodrrish	সঃ|সো|সদ্য|সদর|সদ্র|সদৃশ|সদৃশ|সদৃশ	false
পরিধান	347	poridhan	প|পো|পর|পড়ি|পরিদ|পৃথক|পরিধা|পরিধান	true
সিরিজের	346	sirijer	সঃ|সিই|সির|সিরি|সিরিজ|সিরিজে|সিরিজের	false
বৃত্তি	346	brritti	ব|বড়র|বর|ব্র্রি|বৃত|বৃত্ত|বৃত্তি	false
সংখ্যাগরিষ্ঠ	344	songkhyagorishth	সঃ|সো|সন|সং|শঙ্ক|শঙ্খ|সংখ্য|সংখ্যা|সংখ্যাগ|সংখ্যাগ|সংখ্যাগর|সংখ্যাগরি|সংখ্যাগরিস|সংখ্যাগরিশ|সংখ্যাগরিষ্ট|সংখ্যাগরিষ্ঠ	false
খ্রিষ্টাব্দ	343	khrishtabd	ক|খ|খর|খ্রি|খ্রিস|খ্রীষ্ট|খ্রিষ্ট|খ্রিষ্টা|খ্রিশ্তাব|খ্রিষ্টাব্দ	false
করিতেছিলেন	343	koritechhilen	ক|কো|কর|করি|করিত|করিতে|করিতেছ|করিতেছ|করিতেছ|করিতেছি|করিতেছিল|করিতেছিলে|করিতেছিলেন	false
ঘুরিয়া	341	ghuriya	গ|ঘ|ঘুড়|ঘর|ঘুড়ি|ঘুড়িয়|ঘুরিয়া	false
কোরিয়া	340	koriya	ক|কো|কর|করি|কোরীয়|কোরিয়া	false
অদৃশ্য	339	odrrishy	ও|অড|ওড্র|অড্র|অদ্র্রি|অদৃশ্য|অদৃশ্য|অদৃশ্য	false
পরিত্রাণ	335	poritran	প|পো|পর|পড়ি|পড়িত|পৃথকত্ব|পড়িতরা|পরিত্রাণ	true
আকৃষ্ট	334	akrrisht	আ|এক|একর|আক্র্র|আক্র্রি|আক্র্রিস|আকৃষ্ট|আকৃষ্ট	false
মারি	333	mari	ম|মা|মার|মারি	false
প্রকৃতপক্ষে	332	prokrritopokkhe	প|প্র|প্রো|প্রক|প্রকর|প্রকর|প্রকৃত|প্রকৃত|প্রকৃত|প্রক্র্রিতপ|প্রকৃতপক্ষে|প্রকৃতপক্ষে|প্রকৃতপক্ষে|প্রকৃতপক্ষ|প্রকৃতপক্ষে	false
খ্রিস্টধর্ম	328	khristodhorm	ক|খ|খর|খ্রি|খ্রিস|খ্রিষ্ট|খ্রিষ্ট|খ্রিস্তদ|খ্রিস্টধর্ম|খ্রিস্টধর্ম|খ্রিস্টধর্ম|খ্রিষ্টধর্ম	false
অস্ট্রিয়া	327	ostriya	ও|অশ্ব|অষ্ট|অস্ত্র|অস্ত্রী|অস্ট্রীয়|অস্ট্রিয়া	false
পরিশ্রম	324	porishrom	প|পো|পর|পড়ি|পরিস|পরিস|পরিসর|পরিশ্র|পরিশ্রম	false
গিরি	324	giri	গ|গি|গির|গিরি	false
ব্রিটেন	323	briten	ব|বড়র|ব্রি|বৃত্ত|বৃত্তে|ব্রিটেন	true
পরিচালনার	321	porichalonar	প|পো|পর|পড়ি|পড়িছ|পরিচয়|পরিচয়া|পরিচাল|পরিচাল|পরিচালন|পরিচালনা|পরিচালনার	false
পারিলেন	321	parilen	প|পা|পর|পারি|পারিল|পারিলে|পারিলেন	false
শৃঙ্গ	319	shrringo	সঃ|শ|শ্রয়|শ্র|শ্র্রি|শ্রকৃষ্ণ|shrring|শৃঙ্গ	false
পরিশেষে	319	porisheshe	প|পো|পর|পড়ি|পরিস|পরিস|পরিশে|পরিশেষ|পরিশেষ|পরিশেষে	false
আকৃতির	318	akrritir	আ|এক|একর|আক্র্র|আক্র্রি|অকৃত|আকৃতি|আকৃতির	false
চরিত্রের	317	choritrer	ছ|চ|চো|চর|চড়ি|চরিত|চরিত্র|চরিত্রে|চরিত্রের	false
মাদ্রিদ	316	madrid	ম|মা|মাড|মাডর|মাদ্রি|মাদ্রিদ	false
উদ্ধৃত	316	uddhrrit	উ|উদয়|উদয়|উদ্ধ|উদ্ধ্র|উদ্ধ্র্র|উদ্ধৃত|উদ্ধৃত	false
বৃক্ষের	309	brrikkher	ব|বড়র|বর|ব্র্রি|বৃক|বৃক্ক|বৃক্ষ|বৃক্ষে|বৃক্ষের	false
ঘৃণা	308	ghrrina	গ|ঘ|ঘর|ঘ্র|ঘ্র্রি|ঘৃণ্য|ঘৃণা	false
মরিয়া	308	moriya	ম|মো|মোড়|মরি|মোরিয়|মরিয়া	false
রামকৃষ্ণ	306	ramokrrishn	র|রা|রাম|রামা|রামক|রামক্র|রামক্র্র|রামকৃষ্ণ|রামকৃষ্ণ|রামকৃষ্ণ|রামকৃষ্ণ	false
আমেরিকায়	302	amerikay	আ|আম|আমে|আমের|আমেরি|আমেরিক|আমেরিকা|আমেরিকায়	false
রিসার্চ	300	risarch	র|রি|রিস|রিসা|রিসার|রিসার্চ|রিসার্চ	false
পারিত	300	parit	প|পা|পর|পারি|পারিত	false
তৃতীয়াংশ	299	trritiiyangsh	ত|ত্রয়|ট্রয়র|ত্র্রি|ট্রিট|তৃতীয়|তৃতীয়|তৃতীয়|তৃতীয়া|তৃতীয|তৃতীয়াং|তৃতীয়াংশ|তৃতীয়াংশ	false
ত্রিশ	298	trish	ত|ত্রয়|ট্রি|ত্রিশ|ত্রিশ	false
ব্যাকটেরিয়া	296	byakoteriya	ব|ব্য|ব্যা|ব্যাক|ব্যাক|ব্যাংককোত|ব্যাকতে|ব্যাকতের|ব্যাংককে|ব্যাকতেরিয়|ব্যাকটেরিয়া	false
করির	296	korir	ক|কো|কর|করি|কড়ির	false
পারিবে	295	paribe	প|পা|পর|পারি|পারিব|পারবে	false
পরিচ্ছেদ	294	porichched	প|পো|পর|পড়ি|পড়িছ|পরিচয়|পৃচ্ছা|পরিচ্চ|পরিচয়ছে|পরিচ্ছেদ	true
সুপ্রিম	292	suprim	সঃ|সু|সুপ|সুপ্র|সুপ্রি|সুপ্রিম	false
স্বাক্ষরিত	291	swakkhorit	সঃ|স্ব|স্বা|সওয়াক|সওয়াক্ক|স্বাক্ষ্য|স্বাক্ষ্য|স্বাক্ষর|স্বাক্ষরিত|স্বাক্ষরিত	false
করিয়ে	289	koriye	ক|কো|কর|করি|কোরীয়|করিয়ে	false
সংগৃহীত	288	songgrrihiit	সঃ|সো|সন|সং|সং|সংগ্রহ|সংগ্রহ|সংগৃহীত|সংগৃহ|সংগৃহ|সংগৃহ|সংগৃহীত	false
ভ্রাতৃগণ	287	bhratrrigon	ব|ভ|ভর|ভরা|ভ্রাত|ভ্রাত্র|ভ্রাত্র|ভ্রাতৃ|ভ্রাতৃগণ|ভ্রাতৃগণ|ভ্রাতৃগণ	false
খ্রিস্টাব্দের	284	khristabder	ক|খ|খর|খ্রি|খ্রিস|খ্রিষ্ট|খ্রিষ্টা|খ্রিস্তাব|খ্রিষ্টাব্দ|খ্রিস্টাব্দে|খ্রিষ্টাব্দের	false
সুপরিচিত	284	suporichit	সঃ|সু|সুপ|সুপ|সুপর|সুপরি|সুপরিচিত|সুপরিচিত|সুপরিচিত|সুপরিচিত	false
রিপাবলিকান	282	ripabolikan	র|রি|রিপ|রিপা|রিপাব|রিপাবো|রিপাবল|রিপাবলি|রিপাবলিক|রিপাবলিকা|রিপাবলিকান	false
দৃষ্টিপাত	281	drrishtipat	দ|ড্র|ড্রর|দ্র্রি|দৃশ্য|দৃশ্য|দৃষ্ট|দৃষ্টি|দৃষ্টিপাত|দৃষ্টিপাত|দৃষ্টিপাত	false
দেরি	273	deri	দ|দেয়|দেড়|দেরি	false
ব্রিজ	272	brij	ব|বড়র|ব্রি|ব্রিজ	false
বারি	272	bari	ব|বা|বার|বাড়ি	false
ধরিল	269	dhoril	দ|ঢ|ধোয়|ধর|ধরি|ধরিল	false
পরিস্থিতি	268	poristhiti	প|পো|পর|পড়ি|পরিস|পৃষ্ট|পরিস্থ|পৃথি|পরিস্থিত|পরিস্থিতি	true
ফ্রি	267	fri	ফ|ফর|ফ্রি	false
করিতাম	265	koritam	ক|কো|কর|করি|করিত|করিতা|করিতাম	false
করিয়াছিলাম	265	koriyachhilam	ক|কো|কর|করি|কোরীয়|কোরিয়া|করিয়াছ|করিয়াছ|করিয়াছ|করিয়াছি|করিয়াছিল|করিয়াছিল|করিয়াছিলাম	false
প্রক্রিয়ার	264	prokriyar	প|প্র|প্রো|প্রক|প্রকর|প্রকৃত|প্রক্রিয়|প্রক্রিয়া|প্রক্রিয়ার	true
পরিবেশে	263	poribeshe	প|পো|পর|পড়ি|পরিব|পরিবে|পরিবেশ|পরিবেশ|পরিবেশে	false
পরিত্যক্ত	262	porityokt	প|পো|পর|পড়ি|পড়িত|পৃথকত্ব|পরিত্য|পৃতিকা|পরিত্যক্ত	true
প্রিয়ে	260	priye	প|প্র|প্রিয়|প্রিয়|প্রিয়ে	false
দৃষ্টান্ত	259	drrishtant	দ|ড্র|ড্রর|দ্র্রি|দৃশ্য|দৃশ্য|দৃষ্ট|দৃষ্টা|দৃষ্টান্ত|দৃষ্টান্ত	false
বিক্রিয়া	255	bikriya	ব|বি|বিক|বিক্র|বিক্রি|বিক্রিয়|বিক্রিয়া	false
সামগ্রিক	255	samogrik	সঃ|সা|সাম|শামো|সামগ|সামগ্র্য|সামগ্রী|সামগ্রিক	false
করিলা	255	korila	ক|কো|কর|করি|করিল|করিলা	false
মাতৃভাষা	254	matrribhasha	ম|মা|মাত|মাত্র|মাত্রর|মাতৃ|মাতৃবত|মাতৃভাষা|মাতৃভাষা|মাতৃভাষাসহ|মাতৃভাষা|মাতৃভাষা	false
বিকৃত	253	bikrrit	ব|বি|বিক|বিক্র|বিক্র|বিক্র্রি|বিকৃত	false
ব্রিটিশদের	251	britishoder	ব|বড়র|ব্রি|বৃত্ত|বৃত্তি|ব্রিটিশ|ব্রিটিশ|ব্রিটিশ|ব্রিতিশদ|ব্রিতিশদে|ব্রিটিশদের	true
পুরোপুরি	251	puropuri	প|পুড়|পুর|পুরো|পুরপ|পুরপুরি|পুরপুরি|পুরোপুরি	false
সংস্কৃতিতে	250	songskrritite	সঃ|সো|সন|সং|সংস|সংস্করণ|সংস্ক্র|সংস্ক্রিয়া|সংস্কৃত|সংস্কৃত|সংস্কৃতি|সংস্কৃতিতে|সংস্কৃতিতে	false
জরিপ	250	jorip	জ|জো|জোর|জরি|জরিপ	false
সরিয়া	250	soriya	সঃ|সো|সর|সরি|সরিয়|শরিয়া	false
পৈতৃক	248	poitrrik	প|পো|পয়|পইত্য|পৈত্র|পৈত্র|পৈত্র্রি|পৈতৃক	false
প্রক্রিয়ায়	247	prokriyay	প|প্র|প্রো|প্রক|প্রকর|প্রকৃত|প্রক্রিয়|প্রক্রিয়া|প্রক্রিয়ায়	true
কৃপা	247	krripa	ক|ক্রয়|ক্রয়র|ক্র্রি|কৃপ|কৃপা	false
করিয়াই	247	koriyai	ক|কো|কর|করি|কোরীয়|কোরিয়া|কোরিয়াই	false
গৃহযুদ্ধ	243	grrihozuddh	গ|গড়র|গর|গ্র্রি|গৃহ|গৃহ|গৃহজ|গ্র্রিহজু|গৃহযুদ্ধ|গৃহযুদ্ধ|গৃহযুদ্ধ	false
রাত্রিতে	243	ratrite	র|রা|রাত|রাত্র|রাত্রি|রাত্রিত|রাত্রিতে	false
পরিবে	243	poribe	প|পো|পর|পড়ি|পরিব|পরিবে	false
দাপ্তরিক	242	daptorik	দ|দা|দাপ|দাপট|দাপ্ত|দাপ্তরিক|দাপ্তরিক|দাপ্তরিক	false
ধরিতে	242	dhorite	দ|ঢ|ধোয়|ধর|ধরি|ধরিত|ধরিতে	false
ব্রিটেনের	241	britener	ব|বড়র|ব্রি|বৃত্ত|বৃত্তে|ব্রিটেন|ব্রিটেনে|ব্রিটেনের	true
ত্রিভুজের	239	tribhujer	ত|ত্রয়|ট্রি|ত্রিব|ত্রিভ|তৃণভূমি|ত্রিভুজ|ত্রিভুজে|ত্রিভুজের	true
জরুরি	239	joruri	জ|জো|জোর|জরু|জড়ুর|জরুরী	false
মাঝারি	239	majhari	ম|মা|মাজ|মাঝ|মাঝা|মাঝার|মাঝারি	false
মেরি	238	meri	ম|মে|মেয়র|মেরি	false
বৃন্দাবন	236	brrindabon	ব|বড়র|বর|ব্র্রি|ব্রিন|বৃন্দ|বৃন্দা|ব্র্রিন্দাব|বৃন্দাবো|বৃন্দাবন	false
নেতৃত্বাধীন	235	netrritbadhiin	ন|নে|নেট|নেত্র|নেট্র|নেত্র্রি|নেতৃত্ব|নেতৃত্ব|নেতৃত্ব|নেত্র্রিত্বাদ|নেতৃত্বাধীন|নেতৃত্বাধীন|নেতৃত্বাধীন|নেতৃত্বাধীন	false
ক্রিয়ার	235	kriyar	ক|ক্রয়|ক্রি|ক্রিয়|ক্রিয়া|ক্রিয়ার	false
কারিগরি	234	karigori	ক|কা|কার|কারী|কারিগ|কারিগ|কারিগর|কারিগরি	false
বৃষ্টির	234	brrishtir	ব|বড়র|বর|ব্র্রি|বৃষ|বৃষ|বৃষ্টি|বৃষ্টি|বৃষ্টির	false
কেমব্রিজ	233	kemobrij	ক|কে|কেম|কেমো|কেমব|কেমব্রিজ|কেমব্রিজ|কেমব্রিজ	false
বৃহস্পতি	233	brrihospoti	ব|বড়র|বর|ব্র্রি|বৃহ|বৃহ|ব্র্রিহস|বৃহস্প|বৃহস্প|বৃহস্পতি|বৃহস্পতি	false
পরিমিত	232	porimit	প|পো|পর|পড়ি|পরিম|পরিমি|পরিমিত	false
পারিব	229	parib	প|পা|পর|পারি|পারিব	false
জানুয়ারিতে	228	januyarite	জ|জা|জান|জানু|জানুয়|জানুযারি|জানুযারি|জানুয়ারি|জানুযারি|জানুয়ারিতে	false
আফ্রিকায়	228	afrikay	আ|আফ|আফর|আফ্রি|আফ্রিক|আফ্রিকা|আফ্রিকায়	false
প্রতিকৃতি	228	protikrriti	প|প্র|প্রো|প্রতয়|প্রতি|প্রতীক|প্রতীকর|প্রতীক্র|প্রতিকৃত|প্রতিকৃত|প্রতিকৃতি	false
তৃণ	228	trrin	ত|ত্রয়|ট্রয়র|ত্র্রি|তৃণ	false
পারিয়া	228	pariya	প|পা|পর|পারি|পারিয়|পাড়িয়া	false
ভিক্টোরিয়া	227	bhiktoriya	ব|ভ|ভি|ভিক|ভিক্ত|ভিক্ত|ভিক্টর|ভিক্টরি|ভিক্টোরীয়|ভিক্টোরিয়া	false
পরি	227	pori	প|পো|পর|পড়ি	false
হাঙ্গেরি	226	hangoeri	হ|হা|হাঁ|হাঙ|হাঁগো|হাঙএ|হাঙ্গেরি|হাঙ্গেরি	false
সিরিয়া	225	siriya	সঃ|সিই|সির|সিরি|সিরীয়|সিরিয়া	false
পারস্পরিক	223	parosporik	প|পা|পর|পারো|পারস্য|পারস্পরিক|পারস্প|পারস্পর্য|পারস্পরিক|পারস্পরিক	false
দারিদ্র্য	222	daridry	দ|দা|দার|দাড়ি|দারিদ্য|দারিদ্র|দারিদ্র্য	false
পৃষ্ঠ	221	prrishth	প|প্র|প্রর|প্র্রি|প্র্রিস|পৃষ্ঠ|পৃষ্ট|পৃষ্ঠ	false
ক্ষত্রিয়	221	kkhotriy	ক|কড়ক|ক্ষ|ক্ষ|ক্ষত|ক্ষত্র|ক্ষত্রী|ক্ষত্রিয়	false
পারিলে	221	parile	প|পা|পর|পারি|পারিল|পারিলে	false
ফেব্রুয়ারিতে	220	phebruyarite	প|ফ|ফড়ে|ফেব|ফেব্র|ফেব্রু|ফেব্রুয়ারি|ফেব্রুয়া|ফেব্রুয়ার|ফেব্রুয়ারি|ফেব্রুয়ারিতে|ফেব্রুয়ারিতে	false
কৃষ্ণবর্ণ	220	krrishnoborn	ক|ক্রয়|ক্রয়র|ক্র্রি|কৃষ|কৃষ|কৃষ্ণ|কৃষ্ণ|কৃষ্ণবর্ণ|ক্র্রিশ্নব|কৃষ্ণবরণ|কৃষ্ণবর্ণ	false
মৃত্তিকা	218	mrrittika	ম|ময়র|মর|ম্র্রি|মৃত|মৃত্তিকা|মৃত্তিকা|মৃত্তিকা|মৃত্তিকা	false
নারিকেল	218	narikel	ন|না|নার|নারী|নারিক|নারীকে|নারিকেল	false
পরিভাষা	216	poribhasha	প|পো|পর|পড়ি|পরিব|পরিভ|পরিভা|পৃথকভাবে|পৃথকভাবে|পরিভাষা	true
কৃতিত্ব	216	krrititb	ক|ক্রয়|ক্রয়র|ক্র্রি|কৃত|কৃতি|ক্র্রিতিত|কৃতিত্ব	false
পরিশোধ	216	porishodh	প|পো|পর|পড়ি|পরিস|পরিস|পরিশ|পরিষদ|পরিশোধ	false
উচ্চারিত	215	uccarit	উ|উচ্চ|উচ্চ|উচ্চ|উচ্চার|উচ্চারি|উচ্চারিত	false
পরিদর্শন	213	poridorshon	প|পো|পর|পড়ি|পরিদ|পরিদ|পরিদর|পরিদর্স|পরিদর্শ|পরিদর্শ|পরিদর্শন	false
পরিলক্ষিত	213	porilokkhit	প|পো|পর|পড়ি|পড়িল|পড়িল|পরিলক|পৃথক্করণ|পৃক্ত|পৃক্তি|পরিলক্ষিত	true
যান্ত্রিক	212	zantrik	য|যায়|যান|জ্যান্ত|জান্ত্র|যান্ত্রিক|যান্ত্রিক	false
পরিণাম	212	porinam	প|পো|পর|পড়ি|পরিণয়|পরিনা|পরিণাম	false
মৃত্যুদণ্ড	210	mrrityudond	ম|ময়র|মর|ম্র্রি|মৃত|মৃত্য|মৃত্যু|মৃত্যুদণ্ড|মৃত্যুদণ্ড|মৃত্যুদণ্ড|মৃত্যুদণ্ড	false
স্মৃতিসৌধ	209	smrritisoudh	সঃ|সম|স্মর|স্মর|স্ম্র্রি|স্মৃত|স্মৃতি|স্ম্র্রিতিস|স্ম্র্রিতিস|স্মৃতিসৌধ|স্মৃতিসৌধ|স্মৃতিসৌধ	false
করিলেও	208	korileo	ক|কো|কর|করি|করিল|করিলে|করিলেও	false
সুপারিশ	207	suparish	সঃ|সু|সুপ|সুপা|সুপার|সুপারি|সুপারিশ|সুপারিশ	false
পরিগণিত	207	porigonit	প|পো|পর|পড়ি|পরিগ|পৃথগন্ন|পৃথগন্ন|পৃথগন্ন|পরিগণিত	true
তাদৃশ	205	tadrrish	ত|তা|টাদ|তাদ্র|টাদ্র|তাদৃশ|তাদৃশ|তাদৃশ	false
ব্রিটিশরা	203	britishora	ব|বড়র|ব্রি|বৃত্ত|বৃত্তি|ব্রিটিশ|ব্রিটিশ|ব্রিটিশ|ব্রিটিশর|ব্রিটিশরা	true
নিষ্ক্রিয়	203	nishkriy	ন|নি|নিঃস্ব|নিস|নিষ্ক|নিষ্কর|নিশ্ক্রি|নিষ্ক্রিয়	false
সর্ববৃহৎ	202	sorbobrrihot	সঃ|সো|সর|সর্ব|সর্ব|সর্বব|সর্বব্র|সর্বব্র্র|সর্ববৃহৎ|সর্ববৃহৎ|সর্ববৃহৎ|সর্ববৃহৎ	false
মেমোরিয়াল	201	memoriyal	ম|মে|মেম|মেমো|মেমোর|মেমরি|মেমরিয়|মেমরি|মেমোরিয়াল	false
নিভৃত	201	nibhrrit	ন|নি|নিব|নিভ|নিবহ্র|নিভ্র|নিভ্র্রি|নিভৃত	false
ক্যারিয়ার	200	kyariyar	ক|ক্য|ক্যা|ক্যার|ক্যারি|ক্যারিয়|ক্যারিয়া|ক্যারিয়ার	false
গ্রিস	200	gris	গ|গড়র|গড়ি|গ্রিস	false
অধিকৃত	200	odhikrrit	ও|অড|অধ|অধি|অধিক|অধিকর|অধিক্র|অধিকৃত|অধিকৃত	false
পরিয়া	200	poriya	প|পো|পর|পড়ি|পড়িয়|পড়িয়া	false
স্ট্রিং	198	string	সঃ|স্ট্রিট|স্ট্র|স্ত্রী|স্ত্রিন|স্ট্রিং	false
নাগরিকত্ব	198	nagorikotb	ন|না|নাগ|নাগা|নাগর|নাগরি|নাগরিক|নাগরিক|নাগরিকত|নাগরিকত্ব	false
পৃষ্ঠে	198	prrishthe	প|প্র|প্রর|প্র্রি|প্র্রিস|পৃষ্ঠ|পৃষ্ট|পৃষ্ঠ|পৃষ্ঠে	false
প্রবৃত্তি	198	probrritti	প|প্র|প্রো|প্রোব|প্রোবর|প্রোব্র|প্রব্র্রি|প্রবৃত্ত|প্রবৃত্ত|প্রবৃত্তি	false
মৃতদেহ	197	mrritodeh	ম|ময়র|মর|ম্র্রি|মৃত|মৃত|মৃতদেহ|মৃতদেহ|মৃতদেহ	false
নৃপতি	197	nrripoti	ন|নর|নর|নৃ|নৃপ|নৃপ|নৃপতি|নৃপতি	false
তেজস্ক্রিয়	195	tejoskriy	ত|তে|তেজ|তেজা|তেজস|তেজস্কর|তেজস্ক্র|তেজস্ক্রিয়|তেজস্ক্রিয়	false
প্রাকৃত	195	prakrrit	প|প্র|প্রায়|প্রাক|প্রাকর|প্রাক্র|প্রাকৃত|প্রাকৃত	false
পারিতেন	194	pariten	প|পা|পর|পারি|পারিত|পারিতে|পারিতেন	false
পরিবেশগত	193	poribeshogot	প|পো|পর|পড়ি|পরিব|পরিবে|পরিবেশ|পরিবেশ|পরিবেশ|পরিবেশগ|পরিবেশগ|পরিবেশগত	false
ক্যারিবীয়	193	kyaribiiy	ক|ক্য|ক্যা|ক্যার|ক্যারি|ক্যাংবিং|ক্যাংবিং|ক্যাংবিং|ক্যারিবীয়	false
পরিচালনায়	193	porichalonay	প|পো|পর|পড়ি|পড়িছ|পরিচয়|পরিচয়া|পরিচাল|পরিচাল|পরিচালন|পরিচালনা|পরিচালনায়	false
অপরিচিত	193	oporichit	ও|অপ|অপ|ওপর|ওপরি|ওপরিছ|অপকারী|ওপরিচি|অপরিচিত	false
ব্যবহারিক	191	byoboharik	ব|ব্য|ব্য|ব্যব|ব্যব|ব্যবহার|ব্যবহার|ব্যবহার|ব্যবহারী|ব্যবহারিক	false
শৃঙ্খলা	191	shrringkhola	সঃ|শ|শ্রয়|শ্র|শ্র্রি|শ্রকৃষ্ণ|shrring|শ্রকৃষ্ণ|শ্রকৃষ্ণ|শ্র্রিংখ|শৃঙ্খল|শৃঙ্খলা	false
বিস্তৃতি	190	bistrriti	ব|বি|বিশ্ব|বিস্ট|বিস্টর|বিস্ট্র|বিস্ত্রোর|বিস্তৃত|বিস্তৃতি	false
ত্রিভুজ	189	tribhuj	ত|ত্রয়|ট্রি|ত্রিব|ত্রিভ|তৃণভূমি|ত্রিভুজ	true
নিবৃত্ত	189	nibrritt	ন|নি|নিব|নিবর|নিব্র|নিবৃত|নিবৃত|নিবৃত্ত	false
পৃষ্ঠের	188	prrishther	প|প্র|প্রর|প্র্রি|প্র্রিস|পৃষ্ঠ|পৃষ্ট|পৃষ্ঠ|পৃষ্ঠে|পৃষ্ঠের	false
পরিকল্পিত	187	porikolpit	প|পো|পর|পড়ি|পরিক|পৃথক|পৃথক|পরিকল্প|পরিকল্পি|পরিকল্পিত	true
বৃত্ত	187	brritt	ব|বড়র|বর|ব্র্রি|বৃত|বৃত্ত	false
রাত্রির	187	ratrir	র|রা|রাত|রাত্র|রাত্রি|রাত্রির	false
টুরিং	186	turing	ত|টু|টুর|তুড়ি|তুরিন|টুরিং	false
নৃত্যের	186	nrrityer	ন|নর|নর|নৃ|নৃত্য|নৃত্য|নৃত্যে|নৃত্যের	false
আমারি	186	amari	আ|আম|আমায়|আমার|আমারি	false
করিয়াও	186	koriyao	ক|কো|কর|করি|কোরীয়|কোরিয়া|কোরিয়াও	false
পরিবেশের	185	poribesher	প|পো|পর|পড়ি|পরিব|পরিবে|পরিবেশ|পরিবেশ|পরিবেশে|পরিবেশের	false
শৃঙ্খল	185	shrringkhol	সঃ|শ|শ্রয়|শ্র|শ্র্রি|শ্রকৃষ্ণ|shrring|শ্রকৃষ্ণ|শ্রকৃষ্ণ|শ্র্রিংখ|শৃঙ্খল	false
পৃষ্ঠায়	185	prrishthay	প|প্র|প্রর|প্র্রি|প্র্রিস|পৃষ্ঠ|পৃষ্ট|পৃষ্ঠ|পৃষ্ঠা|পৃষ্ঠায়	false
গৃহিণী	185	grrihinii	গ|গড়র|গর|গ্র্রি|গৃহ|গৃহী|গৃহিণী|গৃহিণী|গৃহিণী	false
তৃপ্ত	185	trript	ত|ত্রয়|ট্রয়র|ত্র্রি|ট্রিপ|তৃপ্ত	false
হৃদি	184	hrridi	হ|এচার|হরর|হ্র্রি|হৃদ|হৃদি	false
সরিষা	183	sorisha	সঃ|সো|সর|সরি|সরিস|সরিস|সরিষা	false
রিসেপ্টর	182	riseptor	র|রি|রিস|রিশে|রিসেপ|রিসেপ্ত|রিসেপ্ত|রিসেপ্টর	false
কোরিয়ার	182	koriyar	ক|কো|কর|করি|কোরীয়|কোরিয়া|কোরিয়ার	false
পারিলাম	182	parilam	প|পা|পর|পারি|পারিল|পারিলা|পারিলাম	false
এপ্রিলে	181	eprile	এ|এপ|এপ্র|এপ্রি|এপ্রিল|এপ্রিলে	false
ত্রিনিদাদ	180	trinidad	ত|ত্রয়|ট্রি|তৃণ|তৃণি|ত্রিনিদ|ত্রিনিদা|ত্রিনিদাদ	true
গণপরিবহন	179	gonoporibohon	গ|গো|গণ|গোনা|গনপ|গনপত|গনপর|গনপরি|গনপরিব|গনপরিব|গনপরিবহ|গনপরিবহ|গণপরিবহন	false
প্যারিসের	179	pyariser	প|পয়|প্যা|প্যার|প্যারি|প্যারিস|প্যারিসে|প্যারিসের	false
স্ট্রিট	176	strit	সঃ|স্ট্রিট|স্ট্র|স্ত্রী|স্ট্রিট	false
ইন্দ্রিয়	176	indriy	ঈ|ইন|ইন্দ|ইন্দ্র|ইন্দ্রি|ইন্দ্রিয়	false
অদৃষ্ট	176	odrrisht	ও|অড|ওড্র|অড্র|অদ্র্রি|অদৃশ্য|অদৃশ্য|অদৃষ্ট	false
প্রক্রিয়াকরণ	175	prokriyakoron	প|প্র|প্রো|প্রক|প্রকর|প্রকৃত|প্রক্রিয়|প্রক্রিয়া|প্রকৃতিকন্যা|প্রকৃতিকন্যা|প্রকৃতার্থ|প্রকৃতার্থ|প্রক্রিয়াকরণ	true
প্রবৃদ্ধি	174	probrriddhi	প|প্র|প্রো|প্রোব|প্রোবর|প্রোব্র|প্রব্র্রি|প্রবৃদ্ধি|প্রবৃদ্ধ|প্রবৃদ্ধ|প্রবৃদ্ধি	false
দৃষ্টিকোণ	174	drrishtikon	দ|ড্র|ড্রর|দ্র্রি|দৃশ্য|দৃশ্য|দৃষ্ট|দৃষ্টি|দৃষ্টিকে|দৃষ্টিকোণ|দৃষ্টিকোণ	false
কর্তৃপক্ষের	174	kortrripokkher	ক|কো|কর|কোর্ট|কোর্টর|কোর্ট্র|কর্তৃ|কর্তৃপ|কর্তৃপ|কর্ত্র্রিপক|কর্তৃপক্ষকে|কর্তৃপক্ষ|কর্তৃপক্ষে|কর্তৃপক্ষের	false
নাগরিকদের	173	nagorikoder	ন|না|নাগ|নাগা|নাগর|নাগরি|নাগরিক|নাগরিক|নাগরিকদ|নাগরিকদে|নাগরিকদের	false
ত্রিপুরার	173	tripurar	ত|ত্রয়|ট্রি|ট্রিপ|ট্রিপু|ত্রিপুর|ত্রিপুরা|ত্রিপুরার	false
ফিরি	173	phiri	প|ফ|ফি|ফির|ফিরি	false
বৃষ্টিপাতের	172	brrishtipater	ব|বড়র|বর|ব্র্রি|বৃষ|বৃষ|বৃষ্টি|বৃষ্টি|বৃষ্টিপাত|বৃষ্টিপাত|বৃষ্টিপাত|বৃষ্টিপাতে|বৃষ্টিপাতের	false
অস্ট্রিয়ার	172	ostriyar	ও|অশ্ব|অষ্ট|অস্ত্র|অস্ত্রী|অস্ট্রীয়|অস্ট্রিয়া|অস্ট্রিয়ার	false
আবৃত্তি	172	abrritti	আ|আব|আবর|আব্র|আব্র্রি|আবৃত|আবৃত্ত|আবৃত্তি	false
ইতিবৃত্ত	171	itibrritt	ঈ|ইট|ইতি|ইতিব|ইতিব্র|ইতিব্র্র|ইতিবৃত্ত|ইতিবৃত্ত|ইতিবৃত্ত	false
চারিদিক	170	charidik	ছ|চ|চায়|চার|চারি|চারিদ|চারিদি|চারিদিক	false
সম্প্রসারিত	169	somprosarit	সঃ|সো|সময়|সম্প|সম্প্র|সম্প্র|সম্পর্ক|সম্পর্কটা|সম্পর্কটার|সম্পর্কটা|সম্প্রসারিত	false
স্মৃতিস্তম্ভ	168	smrritistombh	সঃ|সম|স্মর|স্মর|স্ম্র্রি|স্মৃত|স্মৃতি|স্ম্র্রিতিস|স্মৃতিস্তম্ভ|স্ম্র্রিতিস্ত|স্মৃতিস্তম্ভ|স্মৃতিস্তম্ভ|স্মৃতিস্তম্ভ	false
রি	168	ri	র|রি	false
পরিবহনের	167	poribohoner	প|পো|পর|পড়ি|পরিব|পরিব|পরিবহ|পরিবহ|পরিবহন|পরিবহনে|পরিবহনের	false
প্রিন্স	167	prins	প|প্র|প্রিয়|প্রীণ|প্রিন্স	false
তাহারি	166	tahari	ত|তা|তাহ|তাহা|তাহার|তাহারি	false
পেরিয়ে	165	periye	প|পড়ে|পড়ের|পেরি|পেরিয়|পেরিয়ে	false
হরিহর	165	horihor	হ|হো|হর|হরি|হরিহ|হৃদরোগ|হরিহর	true
গেরিলা	164	gerila	গ|গে|গড়ের|গেরি|গেরিল|গেরিলা	false
পরিধি	163	poridhi	প|পো|পর|পড়ি|পরিদ|পৃথক|পরিধি	true
পরিহাস	162	porihas	প|পো|পর|পড়ি|পরিঃ|পৃথা|পরিহাস	true
প্যারিসে	161	pyarise	প|পয়|প্যা|প্যার|প্যারি|প্যারিস|প্যারিসে	false
অপরিহার্য	160	oporihary	ও|অপ|অপ|ওপর|ওপরি|ওপরিহ|অপকারিতা|অপরিহার্য|অপরিহার্য	false
পৃথিবীকে	160	prrithibiike	প|প্র|প্রর|প্র্রি|প্রিট|পৃথক|পৃথি|পৃথিবী|পৃথিবী|পৃথিবী|পৃথিবীকে|পৃথিবীকে	false
পরিমাপের	159	porimaper	প|পো|পর|পড়ি|পরিম|পৃথা|পরিমাপ|পরিমাপে|পরিমাপের	true
আগ্নেয়গিরি	159	agneyogiri	আ|আগ|আগন|আগ্নে|আগ্নেয়|আগ্নেয়|আগ্নেয়গিরি|আগ্নেয়গিরি|আগ্নেয়গিরি|আগ্নেয়গিরি	false
হিজরি	157	hijori	হ|হি|হিজ|হিজ|হিজর|হিজরি	false
মেট্রিক	156	metrik	ম|মে|মেট|মেট্র|মেট্রি|মেট্রিক	false
পরিকল্পনার	156	porikolponar	প|পো|পর|পড়ি|পরিক|পৃথক|পৃথক|পরিকল্প|পরিকল্প|পরিকল্পন|পরিকল্পনা|পরিকল্পনার	true
তৈরিতে	156	toirite	ত|তো|টয়|তৈয়র|তৈরী|তৈরিত|তৈরিতে	false
স্মৃতির	156	smrritir	সঃ|সম|স্মর|স্মর|স্ম্র্রি|স্মৃত|স্মৃতি|স্মৃতির	false
পারিবেন	156	pariben	প|পা|পর|পারি|পারিব|পারবে|পারিবেন	false
মরিবে	156	moribe	ম|মো|মোড়|মরি|মরিব|মরিবে	false
বেরিয়াম	155	beriyam	ব|বে|বের|বেরি|বেরিয়|বেরিয়া|বেরিয়াম	false
পিতৃপুরুষদের	154	pitrripurushoder	প|পি|পিট|পিত্র্য|পিত্র|পিতৃ|পিতৃপক্ষ|পিতৃপুরুষ|পিতৃপুরুষ|পিতৃপুরুষ|পিতৃপুরুষ|পিতৃপুরুষ|পিতৃপুরুষ|পিতৃপুরুষদের|পিতৃপুরুষদের|পিতৃপুরুষদের	false
পরিপাক	153	poripak	প|পো|পর|পড়ি|পরিপ|পৃথা|পরিপাক	true
পরিহার	153	porihar	প|পো|পর|পড়ি|পরিঃ|পৃথা|পরিহার	true
ক্রিকেটে	152	krikete	ক|ক্রয়|ক্রি|ক্রিক|ক্রিকে|ক্রিকেট|ক্রিকেটে	false
স্বয়ংক্রিয়	152	swoyongkriy	সঃ|স্ব|স্বঃ|স্বয়|সুয়ো|সওয়য়ন|স্বয়ং|সওয়য়ংক|সওয়য়ংক্র|সওয়য়ংক্রি|স্বয়ংক্রিয়	false
পরিবর্তনশীল	152	poribortonoshiil	প|পো|পর|পড়ি|পরিব|পরিব|পরিবার|পরিবর্ত|পরিবর্ত|পরিবর্তন|পরিবর্তন|পরিবর্তনস|পরিবর্তনশ|পরিবর্তনশি|পরিবর্তনশী|পরিবর্তনশীল	false
মন্ত্রিসভা	150	montrisobha	ম|মো|মন|মন্ট|মন্ত্র|মন্ত্রী|মন্ত্রিস|মন্ত্রীসহ|মন্ত্রিসব|মন্ত্রিসভা|মন্ত্রিসভা	false
পরিপ্রেক্ষিতে	149	poriprekkhite	প|পো|পর|পড়ি|পরিপ|পৃথক্করণ|পৃথক্করণে|পৃথক্করণে|পরিপ্রেক্ক|পরিপ্রেক্ষ|পরিপ্রেক্ষি|পরিপ্রেক্ষিত|পরিপ্রেক্ষিতে	true
পরিভ্রমণ	149	poribhromon	প|পো|পর|পড়ি|পরিব|পরিভ|পরিভ্র|পরিভ্র|পরিভ্রম|পরিভ্রম|পরিভ্রমণ	false
হরিদাস	149	horidas	হ|হো|হর|হরি|হরিদ|হরিদা|হরিদাস	false
ঝরিয়া	149	jhoriya	জ|ঝ|ঝোড়|ঝড়|জয়হরি|ঝরিয়|ঝরিয়া	false
গ্রিন	148	grin	গ|গড়র|গড়ি|গ্রিন	false
গৃহযুদ্ধের	148	grrihozuddher	গ|গড়র|গর|গ্র্রি|গৃহ|গৃহ|গৃহজ|গ্র্রিহজু|গৃহযুদ্ধ|গৃহযুদ্ধ|গৃহযুদ্ধ|গৃহযুদ্ধে|গৃহযুদ্ধের	false
ম্যালেরিয়া	148	myaleriya	ম|ম্য|ম্যা|ম্যাল|ম্যালে|ম্যালের|ম্যালে|ম্যালে|ম্যালেরিয়া	false
হরিপুর	147	horipur	হ|হো|হর|হরি|হরিপ|হরিপু|হরিপুর	false
মসৃণ	147	mosrrin	ম|মো|মস|মসর|মস্র|মস্র্রি|মসৃণ	false
মরিচ	147	morich	ম|মো|মোড়|মরি|মরিচ|মরিচ	false
কেন্দ্রিক	146	kendrik	ক|কে|কেন|কেন্দ|কেন্দ্র|কেন্দ্রী|কেন্দ্রিক	false
তৃপ্তি	146	trripti	ত|ত্রয়|ট্রয়র|ত্র্রি|ট্রিপ|তৃপ্ত|তৃপ্তি	false
দৃঢ়ভাবে	144	drrirhobhabe	দ|ড্র|ড্রর|দ্র্রি|ড্রির|দৃঢ়|দৃঢ়|দ্র্রির্হব|দ্র্রির্হভ|দ্র্রির্হভা|দ্র্রির্হভাব|দৃঢ়ভাবে	false
হাঙ্গেরির	143	hangoerir	হ|হা|হাঁ|হাঙ|হাঁগো|হাঙএ|হাঙ্গেরি|হাঙ্গেরি|হাঙ্গেরির	false
ছুরি	143	chhuri	ছ|চ|ছ|ছু|ছুড়|ছুরি	false
এরিক	142	erik	এ|এর|এরি|এরিক	false
রিং	142	ring	র|রি|ঋন|রিং	false
কৃষকদের	142	krrishokoder	ক|ক্রয়|ক্রয়র|ক্র্রি|কৃষ|কৃষ|কৃশ|কৃষক|কৃষক|কৃষকদের|কৃষকদের|কৃষকদের	false
বৃটিশ	142	brritish	ব|বড়র|বর|ব্র্রি|বৃত|বৃতি|বৃটিশ|বৃটিশ	false
খ্রিষ্টান	141	khrishtan	ক|খ|খর|খ্রি|খ্রিস|খ্রীষ্ট|খ্রিষ্ট|খ্রিষ্টা|খ্রিষ্টান	false
সম্পৃক্ত	141	somprrikt	সঃ|সো|সময়|সম্প|সম্প্র|সম্প্রতি|সম্পৃক্ত|সম্পৃক্ত|সম্পৃক্ত	false
সাদৃশ্য	141	sadrrishy	সঃ|সা|সাদ|সাদর|সাড্র|সাদরি|সাদৃশ্য|সাদৃশ্য|সাদৃশ্য	false
পরিচ্ছদ	141	porichchod	প|পো|পর|পড়ি|পড়িছ|পরিচয়|পৃচ্ছা|পরিচ্চ|পৃচ্ছা|পরিচ্ছদ	true
রিভার	140	ribhar	র|রি|রিব|রিভ|রিভা|রিভার	false
গ্রিসের	140	griser	গ|গড়র|গড়ি|গ্রিস|গ্রিসে|গ্রিসের	false
প্রিয়া	140	priya	প|প্র|প্রিয়|প্রিয়|প্রিয়	false
নিদ্রিত	140	nidrit	ন|নি|নিড|নিডর|নিদ্রি|নিদ্রিত	false
কৃষ্ণনগর	139	krrishnonogor	ক|ক্রয়|ক্রয়র|ক্র্রি|কৃষ|কৃষ|কৃষ্ণ|কৃষ্ণ|কৃষ্ণনগর|কৃষ্ণনগর|কৃষ্ণনগর|কৃষ্ণনগর|কৃষ্ণনগর	false
খ্রিষ্টপূর্ব	138	khrishtopuurb	ক|খ|খর|খ্রি|খ্রিস|খ্রীষ্ট|খ্রিষ্ট|খ্রিষ্ট|খ্রিশ্তপ|খ্রিষ্টপূর্ব|খ্রিষ্টপূর্ব|খ্রিষ্টপূর্ব|খ্রিষ্টপূর্ব	false
প্রিন্সটন	138	prinsoton	প|প্র|প্রিয়|প্রীণ|প্রিন্স|প্রিন্স|প্রিন্সত|প্রিন্সত|প্রিন্সটন	false
ক্রিস্টোফার	138	kristophar	ক|ক্রয়|ক্রি|ক্রিস|ক্রিস্ট|ক্রিস্ট|ক্রিস্তপ|ক্রিস্টফ|ক্রিস্তফ|ক্রিস্টোফার	false
সরীসৃপ	138	soriisrrip	সঃ|সো|সর|সরি|শোরী|সরীস|সরীস্র|সরীস্র্র|সরীস্র্রি|সরীসৃপ	false
সমৃদ্ধি	138	somrriddhi	সঃ|সো|সময়|সময়র|সময়্র|সমৃদ্ধ|সমৃদ্ধ|সমৃদ্দ|সমৃদ্ধ|সমৃদ্ধি	false
আক্ষরিক	137	akkhorik	আ|এক|এক|আখ|আখা|আখর|আখরি|আক্ষরিক	false
প্রিয়তম	137	priyotom	প|প্র|প্রিয়|প্রিয়|প্রিয়|পৃথকীকৃত|প্রিয়ত|প্রিয়তম	true
ম্যাট্রিক্স	136	myatriks	ম|ম্য|ম্যা|ম্যাট|ম্যাত্র|ম্যাত্রি|ম্যাট্রিক|ম্যাট্রিক্স	false
পরিস্থিতিতে	136	poristhitite	প|পো|পর|পড়ি|পরিস|পৃষ্ট|পরিস্থ|পৃথি|পরিস্থিত|পরিস্থিতি|পরিস্থিতিত|পরিস্থিতিতে	true
বিবৃতি	136	bibrriti	ব|বি|বীব|বীবর|বিবর|বিবরণী|বিবৃত|বিবৃতি	false
নারি	135	nari	ন|না|নার|নারী	false
ভিখারিণী	135	bhikharinii	ব|ভ|ভি|ভিক|ভিখ|ভিক্ষা|ভিক্ষার|ভিখারি|ভিখারিণী|ভিখারিণী|ভিখারিণী	false
ইরিডিয়াম	134	iridiyam	ঈ|ইর|ইরি|ইরিদ|ইরিদি|ইরিদিয়|ইরিদিয়া|ইরিডিয়াম	false
পরিসরের	134	porisorer	প|পো|পর|পড়ি|পরিস|পরিস|পরিসর|পরিসরে|পরিসরের	false
পিতৃ	134	pitrri	প|পি|পিট|পিত্র্য|পিত্র|পিতৃ	false
করিবারে	134	koribare	ক|কো|কর|করি|করিব|করিবা|করিবার|করিবারে	false
রিপাবলিক	133	ripabolik	র|রি|রিপ|রিপা|রিপাব|রিপাবো|রিপাবল|রিপাবলি|রিপাবলিক	false
পুনরাবৃত্তি	133	punorabrritti	প|পুড়|পড়ুন|পুনঃ|পুনর|পুনোরা|পুনরাব|পুনরাব্র|পুনরাব্র্র|পুনরাবৃত্ত|পুনরাবৃত্ত|পুনরাবৃত্ত|পুনরাবৃত্তি	false
পরিহিত	133	porihit	প|পো|পর|পড়ি|পরিঃ|পরিহি|পরিহিত	false
গরিব	133	gorib	গ|গো|গড়|গড়ি|গরিব	false
ত্রিশাল	132	trishal	ত|ত্রয়|ট্রি|ত্রিশ|ত্রিশ|তৃষা|ত্রিশাল	true
পরিবেশক	132	poribeshok	প|পো|পর|পড়ি|পরিব|পরিবে|পরিবেশ|পরিবেশ|পরিবেশ|পরিবেশক	false
রিজার্ভ	132	rijarbh	র|রি|রিজ|রিজা|রিজার|রিজার্ব|রিজার্ভ	false
প্রকৃতিতে	132	prokrritite	প|প্র|প্রো|প্রক|প্রকর|প্রকর|প্রকৃত|প্রকৃত|প্রকৃতি|প্রক্র্রিতিত|প্রকৃতিতে	false
মরিতে	132	morite	ম|মো|মোড়|মরি|মরিত|মরিতে	false
নৃতাত্ত্বিক	131	nrritattbik	ন|নর|নর|নৃ|নৃত্য|ন্র্রিতা|ন্র্রিতাত|ন্র্রিতাত্ত|নৃতাত্ত্বিক|নৃতাত্ত্বিক|নৃতাত্ত্বিক	false
বাৎসরিক	131	batosorik	ব|বা|বাট|বাটা|বাটস|বাটস|বাটসর|বাতসরিক|বাৎসরিক	false
চরিত	131	chorit	ছ|চ|চো|চর|চড়ি|চরিত	false
উপরি	131	upori	উ|উপ|উপো|উপর|উপরি	false
বৃত্তের	130	brritter	ব|বড়র|বর|ব্র্রি|বৃত|বৃত্ত|বৃত্তে|বৃত্তের	false
তারিখের	130	tarikher	ত|তা|তার|তারি|তারিখ|তারিখ|তারিখে|তারিখের	false
অপসারিত	130	oposarit	ও|অপ|অপ|অপস|অপোসা|ওপসার|অপসারি|অপসারিত	false
ধৃত	130	dhrrit	দ|ঢ|ঢর|ঢ্র|ধ্র্রি|ধৃত	false
দৃপ্ত	130	drript	দ|ড্র|ড্রর|দ্র্রি|দ্র্রিপ|দৃপ্ত	false
মহাপরিচালক	129	mohaporichalok	ম|মো|মোঃ|মহা|মহাপ|মহাপ|মহাপর|মহাপরি|মহাপরিছ|মহাপরিচ|মহাপরিচালক|মহাপরিচালক|মহাপরিচালক|মহাপরিচালক	false
অস্ট্রিয়ান	129	ostriyan	ও|অশ্ব|অষ্ট|অস্ত্র|অস্ত্রী|অস্ট্রীয়|অস্ট্রিয়া|অস্ট্রিয়ান	false
গ্যালারি	129	gyalari	গ|জ্ঞ|গ্যা|গ্যাল|গ্যালা|জ্ঞাতসারে|গ্যালারি	false
জমিদারি	129	jomidari	জ|জো|জম|জমি|জমিদ|জমিদার|জমিদার|জমিদারি	false
চরিতাভিধান	128	choritabhidhan	ছ|চ|চো|চর|চড়ি|চরিত|ছড়িটা|চরিতাব|চরিতাভ|চরিতাভি|চরিতাভিদ|চরিতাভিধ|চরিতাভিধা|চরিতাভিধান	false
নৃত্যশিল্পী	128	nrrityoshilpii	ন|নর|নর|নৃ|নৃত্য|নৃত্য|নৃত্য|নৃত্যসহ|নৃত্যশৈলী|নৃত্যশৈলী|নৃত্যশীলন|নৃত্যশিল্প|নৃত্যশিল্পী|নৃত্যশিল্পী	false
সিরিয়ার	128	siriyar	সঃ|সিই|সির|সিরি|সিরীয়|সিরিয়া|সিরিয়ার	false
আগ্নেয়গিরির	128	agneyogirir	আ|আগ|আগন|আগ্নে|আগ্নেয়|আগ্নেয়|আগ্নেয়গিরি|আগ্নেয়গিরি|আগ্নেয়গিরি|আগ্নেয়গিরি|আগ্নেয়গিরির	false
সুপারি	128	supari	সঃ|সু|সুপ|সুপা|সুপার|সুপারি	false
উত্তরসূরি	127	uttorosuuri	উ|উট|উৎ|উত্ত|উত্তর|উত্তরা|উতরস|উত্তরসুর|উত্তরসুর|উত্তরসুর|উত্তরসূরি	false
মাদ্রিদের	127	madrider	ম|মা|মাড|মাডর|মাদ্রি|মাদ্রিদ|মাদ্রিদে|মাদ্রিদের	false
সংখ্যাগরিষ্ঠতা	126	songkhyagorishthota	সঃ|সো|সন|সং|শঙ্ক|শঙ্খ|সংখ্য|সংখ্যা|সংখ্যাগ|সংখ্যাগ|সংখ্যাগর|সংখ্যাগরি|সংখ্যাগরিস|সংখ্যাগরিশ|সংখ্যাগরিষ্ট|সংখ্যাগরিষ্ঠ|সংখ্যাগরিষ্ঠ|সংখ্যাগরিশ্থত|সংখ্যাগরিষ্ঠতা	false
ল্যাবরেটরি	126	lyaboretori	ল|ল্য|ল্যা|ল্যাব|ল্যাব|ল্যাবর|ল্যাবরেটরি|ল্যাবরেত|ল্যাবরেটরিতে|ল্যাবরেটরি|ল্যাবরেটরি	false
ভৃত্য	126	bhrrity	ব|ভ|ভর|ভ্র|ভ্র্রি|ভৃত|ভৃত্য	false
বিস্মৃত	126	bismrrit	ব|বি|বিশ্ব|বিস্ম|বিস্ম্র|বিস্ম্র্র|বিস্মৃত|বিস্মৃত	false
মিলিটারি	125	militari	ম|মি|মিল|মিলি|মিলিত|মিলিতা|মিলিটার|মিলিটারি	false
সেক্রেটারি	125	sekretari	সঃ|সে|সেক|সেকর|সেক্রে|সেক্রেট|সেক্রেটারি|সেক্রেতার|সেক্রেটারি	false
ক্যারিবিয়ান	124	kyaribiyan	ক|ক্য|ক্যা|ক্যার|ক্যারি|ক্যাংবিং|ক্যাংবিং|ক্যারিবীয়|ক্যারিবিয়া|ক্যারিবিয়ান	false
অ্যালগরিদম	124	oyalogoridom	ও|অয়|ওয়া|ওয়াল|ওয়ালা|ওয়ালগ|ওয়ালগ|ওয়ালগর|ওয়ালগরি|ওয়ালগরিদ|ওয়ালগরিদ|অ্যালগরিদম	false
জরিপে	124	joripe	জ|জো|জোর|জরি|জরিপ|জরিপে	false
মৃণাল	124	mrrinal	ম|ময়র|মর|ম্র্রি|ম্র্রিন|মৃণাল|মৃণাল	false
বৃত্তাকার	123	brrittakar	ব|বড়র|বর|ব্র্রি|বৃত|বৃত্ত|বৃতটা|বৃত্তাকার|বৃত্তাকার|বৃত্তাকার	false
পরিমাণের	122	porimaner	প|পো|পর|পড়ি|পরিম|পৃথা|পরিমাণ|পরিমাণে|পরিমাণের	true
মারিতে	122	marite	ম|মা|মার|মারি|মারিত|মাড়িতে	false
মরিব	121	morib	ম|মো|মোড়|মরি|মরিব	false
ব্রিটেনে	120	britene	ব|বড়র|ব্রি|বৃত্ত|বৃত্তে|ব্রিটেন|ব্রিটেনে	true
কৃষ্ণাঙ্গ	120	krrishnango	ক|ক্রয়|ক্রয়র|ক্র্রি|কৃষ|কৃষ|কৃষ্ণ|কৃষ্ণা|কৃষ্ণান|কৃষ্ণাঙ্গ|কৃষ্ণাঙ্গ	false
সপরিবারে	120	soporibare	সঃ|সো|সোপ|সপ|সোপর|সোপরি|সপরিব|সপরিবারে|সপরিবার|সপরিবারে	false
বিবৃত	119	bibrrit	ব|বি|বীব|বীবর|বিবর|বিবরণী|বিবৃত	false
কৃষ্ণচন্দ্র	119	krrishnochondr	ক|ক্রয়|ক্রয়র|ক্র্রি|কৃষ|কৃষ|কৃষ্ণ|কৃষ্ণ|কৃষ্ণ|কৃষ্ণচূড়া|কৃষ্ণচূড়া|ক্র্রিশ্নচন|কৃষ্ণচন্দ্র|কৃষ্ণচন্দ্র	false
বৃষ	119	brrish	ব|বড়র|বর|ব্র্রি|বৃষ|বৃষ	false
ইম্পেরিয়াল	118	imperiyal	ঈ|ইম|ইমপ|ইম্পে|ইম্পের|ইম্পেরি|ইম্পেরিয়|ইম্পেরিয়াল|ইম্পেরিয়াল	false
হাঙ্গেরিয়ান	118	hangoeriyan	হ|হা|হাঁ|হাঙ|হাঁগো|হাঙএ|হাঙ্গেরি|হাঙ্গেরি|হাঙ্গেরীয়|হাঙ্গেরিয়ান|হাঙ্গেরিয়ান	false
মরিস	118	moris	ম|মো|মোড়|মরি|মরিস	false
অনাবৃত	118	onabrrit	ও|অন|অনা|ওনাব|ওনাব্র|ওনাব্র্র|অনাবৃত|অনাবৃত	false
মরিলে	118	morile	ম|মো|মোড়|মরি|মরিল|মরিলে	false
হ্যারিসন	117	hyarison	হ|হ্য|হ্যাঁ|হ্যার|হ্যারি|হ্যারিস|হ্যারিস|হ্যারিসন	false
কার্যকারিতা	117	karyokarita	ক|কা|কার|কার্য|কার্য|কার্যক|কার্যকাল|কার্যকার|কার্যকারী|কার্যকারিতা|কার্যকারিতা	false
করিস	117	koris	ক|কো|কর|করি|করিস	false
বৃন্দাবনে	117	brrindabone	ব|বড়র|বর|ব্র্রি|ব্রিন|বৃন্দ|বৃন্দা|ব্র্রিন্দাব|বৃন্দাবো|বৃন্দাবন|বৃন্দাবনে	false
ফিরিতে	117	phirite	প|ফ|ফি|ফির|ফিরি|ফিরিত|ফিরিতে	false
সমাদৃত	116	somadrrit	সঃ|সো|সময়|সোমা|সমাদ|সমাদর|সমাদ্র|সমাদৃত|সমাদৃত	false
কৃষ্ণকে	116	krrishnoke	ক|ক্রয়|ক্রয়র|ক্র্রি|কৃষ|কৃষ|কৃষ্ণ|কৃষ্ণ|কৃষ্ণকে|কৃষ্ণকে	false
আশ্রিত	116	ashrit	আ|আস|আশ|আশ্রয়|আশ্রয়ি|আশ্রিত	false
তৃষ্ণা	116	trrishna	ত|ত্রয়|ট্রয়র|ত্র্রি|তৃষ্য|তৃষ্য|তৃষ্ণ|তৃষ্ণা	false
চমৎকৃত	116	chomotokrrit	ছ|চ|চো|চম|চম|চমত|চমত|চমত্কার|চমতক্র|চমতক্র্র|চমতকৃত|চমৎকৃত	false
মৃগ	116	mrrig	ম|ময়র|মর|ম্র্রি|মৃগ	false
মরিল	116	moril	ম|মো|মোড়|মরি|মরিল	false
খ্রিস্ট	115	khrist	ক|খ|খর|খ্রি|খ্রিস|খ্রিষ্ট	false
তরবারি	115	torobari	ত|তো|তোর|তোরা|তরব|তরবা|তরবার|তরবারি	false
করিয়াছিলে	115	koriyachhile	ক|কো|কর|করি|কোরীয়|কোরিয়া|করিয়াছ|করিয়াছ|করিয়াছ|করিয়াছি|করিয়াছিল|করিয়াছিলে	false
থ্রি	114	thri	ত|ঠ|ঠর|থ্রি	false
সমুদ্রপৃষ্ঠ	114	somudroprrishth	সঃ|সো|সময়|সমু|সমুদ|সমুদ্র|সমুদ্র|সমুদ্রপথ|সমুদ্রপ্র|সমুদ্রপ্র্র|সমুদ্রপৃষ্ঠ|সমুদ্রপৃষ্ঠ|সমুদ্রপৃষ্ঠ|সমুদ্রপৃষ্ঠ|সমুদ্রপৃষ্ঠ	false
পরিবেশিত	114	poribeshit	প|পো|পর|পড়ি|পরিব|পরিবে|পরিবেশ|পরিবেশ|পরিবেশি|পরিবেশিত	false
পরিসরে	114	porisore	প|পো|পর|পড়ি|পরিস|পরিস|পরিসর|পরিসরে	false
পৃষ্ঠপোষক	114	prrishthoposhok	প|প্র|প্রর|প্র্রি|প্র্রিস|পৃষ্ঠ|পৃষ্ট|পৃষ্ঠ|পৃষ্ঠ|পৃষ্ঠপোষক|পৃষ্ঠপোষক|পৃষ্ঠপোষক|পৃষ্ঠপোষক|প্র্রিশ্থপশ|পৃষ্ঠপোষক	false
পরিশিষ্ট	114	porishisht	প|পো|পর|পড়ি|পরিস|পরিস|পরিশি|পৃষ্ঠটি|পরিশিশ|পরিশিষ্ট	true
পরিবেষ্টিত	113	poribeshtit	প|পো|পর|পড়ি|পরিব|পরিবে|পরিবেশ|পরিবেশ|পরিবেশ্ত|পরিবেশটি|পরিবেষ্টিত	false
আন্তরিক	113	antorik	আ|আন|আন্ত|আন্তঃ|আন্তর|আঁতড়ি|আন্তরিক	false
পীরিতি	113	piiriti	প|পি|পিই|পীর|পিইরি|পীড়িত|পীরিতি	false
সিরিজে	112	sirije	সঃ|সিই|সির|সিরি|সিরিজ|সিরিজে	false
ম্যান্ডারিন	112	myandarin	ম|ম্য|ম্যা|ম্যান|ম্যান্দ|ম্যান্দা|ম্যান্ডারিন|ম্যান্ডেলা|ম্যান্ডারিন	false
ঘৃত	112	ghrrit	গ|ঘ|ঘর|ঘ্র|ঘ্র্রি|ঘৃত	false
মিথস্ক্রিয়া	111	mithoskriya	ম|মি|ম-িত|মিথ|মিঠা|মিথস|মিথস্ক|মিথস্ক্রিয়|মিথস্ক্রিয়|মিথস্ক্রিয়|মিথস্ক্রিয়া	false
ক্রিকেটের	111	kriketer	ক|ক্রয়|ক্রি|ক্রিক|ক্রিকে|ক্রিকেট|ক্রিকেটে|ক্রিকেটের	false
গৃহপালিত	111	grrihopalit	গ|গড়র|গর|গ্র্রি|গৃহ|গৃহ|গ্র্রিহপ|গ্র্রিহপা|গৃহপাল|গৃহপালি|গৃহপালিত	false
পৃষ্ঠার	111	prrishthar	প|প্র|প্রর|প্র্রি|প্র্রিস|পৃষ্ঠ|পৃষ্ট|পৃষ্ঠ|পৃষ্ঠা|পৃষ্ঠার	false
পারিনে	111	parine	প|পা|পর|পারি|পারিন|পারিনে	false
মন্ত্রিপরিষদ	110	montriporishod	ম|মো|মন|মন্ট|মন্ত্র|মন্ত্রী|মন্ত্রিপ|মন্ত্রিপরিষদ|মন্ত্রিপরিষদ|মন্ত্রিপরিষদ|মন্ত্রিপরিস|মন্ত্রিপরিষদ|মন্ত্রিপরিষদ|মন্ত্রিপরিষদ	false
ইরিত্রিয়া	110	iritriya	ঈ|ইর|ইরি|ইরিত|ইরিত্র|ইরিত্রি|ইরিত্রীয়|ইরিত্রিয়া	false
স্বয়ংক্রিয়ভাবে	110	swoyongkriyobhabe	সঃ|স্ব|স্বঃ|স্বয়|সুয়ো|সওয়য়ন|স্বয়ং|সওয়য়ংক|সওয়য়ংক্র|সওয়য়ংক্রি|স্বয়ংক্রিয়|সওয়য়ংক্রিয়|সওয়য়ংক্রিয়ব|সওয়য়ংক্রিয়ভ|সওয়য়ংক্রিয়ভা|সওয়য়ংক্রিয়ভাব|স্বয়ংক্রিয়ভাবে	false
বৃহস্পতির	110	brrihospotir	ব|বড়র|বর|ব্র্রি|বৃহ|বৃহ|ব্র্রিহস|বৃহস্প|বৃহস্প|বৃহস্পতি|বৃহস্পতি|বৃহস্পতির	false
পথিকৃৎ	109	pothikrrit	প|পো|পট|পথ|পথি|পথিক|পথিকর|পথিক্র|পথিকৃৎ|পথিকৃত	false
কৃষ্ণা	109	krrishna	ক|ক্রয়|ক্রয়র|ক্র্রি|কৃষ|কৃষ|কৃষ্ণ|কৃষ্ণা	false
ধর্মান্তরিত	108	dhormantorit	দ|ঢ|ধোয়|ধর|ধর্ম|ধর্ম|ধর্মান|ধর্মান্ত|ধর্মান্তর|ধর্মান্তর|ধর্মান্তরি|ধর্মান্তরিত	false
মন্ত্রিসভার	108	montrisobhar	ম|মো|মন|মন্ট|মন্ত্র|মন্ত্রী|মন্ত্রিস|মন্ত্রীসহ|মন্ত্রিসব|মন্ত্রিসভা|মন্ত্রিসভা|মন্ত্রিসভার	false
জুরি	108	juri	জ|জও|জুর|জুরি	false
তদুপরি	108	todupori	ত|তো|টড|টডু|তদুপ|তদুপরি|তদুপরি|তদুপরি	false
হরিনাম	108	horinam	হ|হো|হর|হরি|হরিণ|হরিণা|হরিনাম	false
স্ক্রিন	107	skrin	সঃ|সড়ক|সড়কর|স্ক্রি|স্ক্রিন	false
জাগরিত	107	jagorit	জ|জা|জাগ|জাগো|জাগর|জাগরী|জাগরিত	false
অরি	107	ori	ও|ওর|ওরি	false
ট্রিলিয়ন	106	triliyon	ত|ত্রয়|ট্রি|ত্রিল|ত্রিলি|ত্রিলিয়|ত্রিলিয়|ট্রিলিয়ন	false
তেজস্ক্রিয়তা	106	tejoskriyota	ত|তে|তেজ|তেজা|তেজস|তেজস্কর|তেজস্ক্র|তেজস্ক্রিয়|তেজস্ক্রিয়|তেজস্ক্রিয়|তেজস্ক্রিয়তা|তেজস্ক্রিয়তা	false
পর্বতশৃঙ্গ	106	porbotoshrringo	প|পো|পর|পর্ব|পর্ব|পর্বত|পর্বত|পর্বতস|পর্বতশিখর|পর্বতশ্রেণী|পর্বতশ্রেণীর|পর্বতশ্রেণী|পর্বতশ্রেণী|porbotoshrring|পর্বতশৃঙ্গ	false
কৃষির	106	krrishir	ক|ক্রয়|ক্রয়র|ক্র্রি|কৃষ|কৃষ|কৃষি|কৃষির	false
সামগ্রিকভাবে	106	samogrikobhabe	সঃ|সা|সাম|শামো|সামগ|সামগ্র্য|সামগ্রী|সামগ্রিক|সামগ্রিক|সামগ্রিকব|সামগ্রিকভ|সামগ্রিকভা|সামগ্রিকভাবে|সামগ্রিকভাবে	false
ব্যারিস্টার	106	byaristar	ব|ব্য|ব্যা|ব্যার|ব্যারি|ব্যারিস|ব্যাংকঋণসহ|ব্যারিস্তা|ব্যারিস্টার	false
বিশৃঙ্খলা	106	bishrringkhola	ব|বি|বিশ্ব|বিষয়|বিষয়র|বিষয়্র|বিশ্র্রি|বিশ্রামহীন|bishrring|বিশ্র্রিংক|বিশ্র্রিংখ|বিশ্র্রিংখ|বিশৃঙ্খল|বিশৃঙ্খলা	false
পরিসর	106	porisor	প|পো|পর|পড়ি|পরিস|পরিস|পরিসর	false
বৃক্ষে	106	brrikkhe	ব|বড়র|বর|ব্র্রি|বৃক|বৃক্ক|বৃক্ষ|বৃক্ষে	false
নাইজেরিয়া	105	naijeriya	ন|না|নাই|নাইজ|নাইয়ে|নাইজেরীয়|নাইজেল|নাইজেরীয়|নাইজেরিয়া	false
দৃষ্টির	105	drrishtir	দ|ড্র|ড্রর|দ্র্রি|দৃশ্য|দৃশ্য|দৃষ্ট|দৃষ্টি|দৃষ্টির	false
আলজেরিয়া	104	alojeriya	আ|আল|আলো|আলজ|আলয়ে|আলজেরীয়|আলজেরীয়|আলজেরীয়|আলজেরিয়া	false
নেতৃত্বের	104	netrritber	ন|নে|নেট|নেত্র|নেট্র|নেত্র্রি|নেতৃত্ব|নেতৃত্ব|নেতৃত্বে|নেতৃত্বের	false
শৃঙ্গে	104	shrringoe	সঃ|শ|শ্রয়|শ্র|শ্র্রি|শ্রকৃষ্ণ|shrring|শৃঙ্গ|শৃঙ্গে	false
অস্বীকৃতি	103	oswiikrriti	ও|অশ্ব|অশ্ব|অশ্বী|অশ্বী|অস্বীকার|অস্বীকার|অস্বীকার|অস্বীকৃত|অস্বীকৃত|অস্বীকৃতি	false
অঁরি	103	oNri	ও|অন|ওঁর|অঁরি	false
পরিষদে	103	porishode	প|পো|পর|পড়ি|পরিস|পরিস|পরিশ|পরিষদ|পরিষদে	false
ঐশ্বরিক	103	oishworik	ও|ঐ|ঐশ|ঐশ|ঐশও|ঐশওয়|ঐশ্বর্য|ঐশ্বরি|ঐশ্বরিক	false
রাত্রিকালে	103	ratrikale	র|রা|রাত|রাত্র|রাত্রি|রাত্রিক|রাতচরা|রাত্রিকাল|রাত্রিকালে	false
মুরারি	103	murari	ম|মু-|মুর|মুড়া|মুরার|মুরারি	false
রিয়েল	101	riyel	র|রি|ঋয়|রিয়ে|রিয়েল	false
ফ্রিডম	101	fridom	ফ|ফর|ফ্রি|ফ্রিড|ফ্রিড|ফ্রিডম	false
পরিস্থিতির	101	poristhitir	প|পো|পর|পড়ি|পরিস|পৃষ্ট|পরিস্থ|পৃথি|পরিস্থিত|পরিস্থিতি|পরিস্থিতির	true
উপরিস্থ	101	uporisth	উ|উপ|উপো|উপর|উপরি|উপরিস্হ|উপরিস্ত|উপরিস্থ	false
বিরিয়ানি	100	biriyani	ব|বি|বীর|বিড়ি|বিরিয়|বিরিয়া|বীক্ষ্যমাণ|বিরিয়ানি	false
সারির	100	sarir	সঃ|সা|সার|সারি|সারির	false
খৃষ্টীয়	100	khrrishtiiy	ক|খ|খর|খ্র|খ্র্রি|খ্র্রিস|খ্রিষ্ট|খৃষ্ট|খৃষ্টি|খৃষ্টী|খৃষ্টীয়	false
ধরিলে	100	dhorile	দ|ঢ|ধোয়|ধর|ধরি|ধরিল|ধরিলে	false
সৃজনশীল	99	srrijonoshiil	সঃ|সিনিয়ার|স্র্র|স্র্রি|স্র্রিজ|স্র্রিজ|সৃজন|সৃজন|স্র্রিজনস|স্র্রিজনশ|স্র্রিজনশি|স্র্রিজনশী|সৃজনশীল	false
দৃশ্যে	99	drrishye	দ|ড্র|ড্রর|দ্র্রি|দৃশ্য|দৃশ্য|দৃশ্য|দৃশ্যে	false
সরকারিভাবে	98	sorokaribhabe	সঃ|সো|সর|সরো|সড়ক|সরকা|সরকার|সরকারি|সরকারিব|সরকা|সরকারকা|সরকারিভাব|সরকারিভাবে	false
মৃতের	98	mrriter	ম|ময়র|মর|ম্র্রি|মৃত|ম্র্রিতে|মৃতের	false
মাতৃ	98	matrri	ম|মা|মাত|মাত্র|মাত্রর|মাতৃ	false
ধারণকৃত	97	dharonokrrit	দ|ঢ|ধা|ধার|ধারা|ধারণ|ধারণা|ধারনক|ধারনক্র|ধারনক্র্র|ধারণকৃত|ধারণকৃত	false
হ্যারির	97	hyarir	হ|হ্য|হ্যাঁ|হ্যার|হ্যারি|হ্যারির	false
প্রক্রিয়াটি	97	prokriyati	প|প্র|প্রো|প্রক|প্রকর|প্রকৃত|প্রক্রিয়|প্রক্রিয়া|প্রকৃতিজাত|প্রক্রিয়াটি	true
দারিদ্র্যের	97	daridryer	দ|দা|দার|দাড়ি|দারিদ্য|দারিদ্র|দারিদ্র্য|দারিদ্র্যে|দারিদ্র্যের	false
মৃত্যুতে	97	mrrityute	ম|ময়র|মর|ম্র্রি|মৃত|মৃত্য|মৃত্যু|মৃত্যুতে|মৃত্যুতে	false
ধৃতরাষ্ট্র	97	dhrritorashtr	দ|ঢ|ঢর|ঢ্র|ধ্র্রি|ধৃত|ধ্র্রিত|ধ্র্রিতর|ধ্র্রিতরা|ধ্র্রিতরাস|ধ্র্রিতরাশ|ধ্র্রিতরাশ্ত|ধৃতরাষ্ট্র	false
গৃহস্থের	97	grrihosther	গ|গড়র|গর|গ্র্রি|গৃহ|গৃহ|গৃহস্হ|গ্র্রিহস্ত|গৃহস্থ|গৃহস্থ|গৃহস্থের	false
ঘুরিতে	97	ghurite	গ|ঘ|ঘুড়|ঘর|ঘুড়ি|ঘুরিত|ঘুড়িতে	false
সিকিউরিটি	96	sikiuriti	সঃ|সিই|সিক|সিকি|সিকিউ|সিকিউর|সিকিউ|সিকিউরিত|সিকিউরিটি	false
ফৌজদারি	96	phoujodari	প|ফ|ফো|ফো|ফৌজ|ফৌজ|ফৌজদ|ফৌজদারি|ফৌজদার|ফৌজদারী	false
পরিবেশনা	95	poribeshona	প|পো|পর|পড়ি|পরিব|পরিবে|পরিবেশ|পরিবেশ|পরিবেশ|পরিবেশন|পরিবেশনা	false
পরিবারকে	95	poribaroke	প|পো|পর|পড়ি|পরিব|পরিবা|পরিবার|পরিবার|পরিবারক|পরিবারকে	false
পরিণতি	95	porinoti	প|পো|পর|পড়ি|পরিণয়|পরিণয়|পরিণত|পরিণতি	false
ঘুরিয়ে	95	ghuriye	গ|ঘ|ঘুড়|ঘর|ঘুড়ি|ঘুড়িয়|ঘুরিয়ে	false
কৃষ্ণদাস	95	krrishnodas	ক|ক্রয়|ক্রয়র|ক্র্রি|কৃষ|কৃষ|কৃষ্ণ|কৃষ্ণ|কৃষ্ণদাস|কৃষ্ণদাস|কৃষ্ণদাস	false
কৃপায়	95	krripay	ক|ক্রয়|ক্রয়র|ক্র্রি|কৃপ|কৃপা|কৃপায়	false
নৃবিজ্ঞান	94	nrribigyan	ন|নর|নর|নৃ|ন্র্রিব|ন্র্রিবি|ন্র্রিবিগ|নৃবিজ্ঞান|নৃবিজ্ঞান|নৃবিজ্ঞান	false
ম্যারি	94	myari	ম|ম্য|ম্যা|ম্যার|ম্যারি	false
সরিষাবাড়ী	94	sorishabarii	সঃ|সো|সর|সরি|সরিস|সরিস|সরিষা|সরিশাব|সরিশাবা|সৃষ্টিকারী|সরিষাবাড়ি|সরিষাবাড়ী	true
হরিণের	94	horiner	হ|হো|হর|হরি|হরিণ|হরিনে|হরিণের	false
ফুরিয়ে	93	phuriye	প|ফ|ফু|ফুর|ফুরি|ফুরিয়|ফুরিয়ে	false
ব্যাপৃত	93	byaprrit	ব|ব্য|ব্যা|ব্যাপ|ব্যাপ্র|ব্যাপ্র্র|ব্যাপৃত|ব্যাপৃত	false
বুলগেরিয়া	92	bulogeriya	ব|বু|বুল|বুলা|বুলগ|বুলগেরীয়|বুলগেরীয়|বুলগেরি|বুলগেরীয়|বুলগেরিয়া	false
ফেরি	92	pheri	প|ফ|ফড়ে|ফের|ফেরি	false
অপরিসীম	92	oporisiim	ও|অপ|অপ|ওপর|ওপরি|ওপরিস|ওপরিসি|ওপরিসী|অপরিসীম	false
পুষ্করিণী	92	pushkorinii	প|পুড়|পুশ|পুশ|পুশ্ক|পুশ্ক|পুষ্কর|পুষ্করি|পুশ্করিন|পুষ্করিণী|পুষ্করিণী	false
ধরিবে	92	dhoribe	দ|ঢ|ধোয়|ধর|ধরি|ধরিব|ধরিবে	false
ত্রিপুরী	91	tripurii	ত|ত্রয়|ট্রি|ট্রিপ|ট্রিপু|ত্রিপুর|ত্রিপুরী|ত্রিপুরী	false
ব্রিটানিকা	91	britanika	ব|বড়র|ব্রি|বৃত্ত|ব্রিটা|ব্রিতান|ব্রিটানি|বৃকালিকা|ব্রিটানিকা	true
আলজেরিয়ার	91	alojeriyar	আ|আল|আলো|আলজ|আলয়ে|আলজেরীয়|আলজেরীয়|আলজেরীয়|আলজেরিয়া|আলজেরিয়ার	false
থিওরি	91	thiori	ত|ঠ|থি|থিও|থিওর|থিওরি	false
ইলেকট্রিক	91	ilekotrik	ঈ|ইল|ইলে|ইলেক|ইলেক|ইলেকত|ইলেকট্র|ইলেকত্রি|ইলেকট্রিক	false
চাকরির	91	chakorir	ছ|চ|চায়|চাক|চাকা|চা-কর|চাকরি|চাকরির	false
দৃশ্যের	91	drrishyer	দ|ড্র|ড্রর|দ্র্রি|দৃশ্য|দৃশ্য|দৃশ্য|দৃশ্যে|দৃশ্যের	false
বিকৃতি	91	bikrriti	ব|বি|বিক|বিক্র|বিক্র|বিক্র্রি|বিকৃত|বিকৃতি	false
মৃত্যুঞ্জয়	91	mrrityunjoy	ম|ময়র|মর|ম্র্রি|মৃত|মৃত্য|মৃত্যু|মৃত্যুজনিত|মৃত্যুঞ্জয়|মৃত্যুঞ্জয়|মৃত্যুঞ্জয়	false
নিভৃতে	91	nibhrrite	ন|নি|নিব|নিভ|নিবহ্র|নিভ্র|নিভ্র্রি|নিভৃত|নিভৃতে	false
রিক্ত	91	rikt	র|রি|রিক|রিক্ত	false
মারিল	91	maril	ম|মা|মার|মারি|মারিল	false
যকৃৎ	90	zokrrit	য|জো|যক|জক্র|জক্র্র|যকৃত|যকৃত	false
পরিসীমা	90	porisiima	প|পো|পর|পড়ি|পরিস|পরিসি|পরিসী|পরিসীম|পরিসীমা	false
নিকৃষ্ট	90	nikrrisht	ন|নি|নিক|নিকর|নিকয়্র|নিকৃষ্ট|নিকৃষ্ট|নিকৃষ্ট|নিকৃষ্ট	false
সক্রিয়ভাবে	89	sokriyobhabe	সঃ|সো|শোক|শক্র|সক্রি|সক্রিয়|সক্রিয়ও|সক্রিয়ব|সক্রিয়ভ|সক্রিয়ভা|সক্রিয়ভাব|সক্রিয়ভাবে	false
হৃৎপিণ্ড	89	hrritopind	হ|এচার|হরর|হ্র্রি|হৃত|হৃত|হ্র্রিতপ|হ্র্রিতপি|হ্র্রিতপিন|হৃৎপিণ্ড	false
পুরিয়া	89	puriya	প|পুড়|পুর|পুরি|পুড়িয়|পুরিয়া	false
পারিতাম	89	paritam	প|পা|পর|পারি|পারিত|পারিতা|পারিতাম	false
এরিয়া	88	eriya	এ|এর|এরি|এরিয়|এরিয়া	false
প্রতিক্রিয়ায়	88	protikriyay	প|প্র|প্রো|প্রতয়|প্রতি|প্রতীক|প্রতীকর|প্রতিক্রি|প্রতিকৃত|প্রতিক্রিয়া|প্রতিক্রিয়ায়	true
সেঞ্চুরি	87	sencuri	সঃ|সে|সেন|সেন্ছ|সেন্ছু|সেঞ্চুরি|সেঞ্চুরি	false
বাইনারি	87	bainari	ব|বা|বাড়ি|বাইন|বাইনা|বাইন্যার|বাইনারি	false
নেতৃস্থানীয়	87	netrristhaniiy	ন|নে|নেট|নেত্র|নেট্র|নেত্র্রি|নেত্র্রিস|নেত্র্রিস্ত|নেত্র্রিস্থ|নেতৃস্থানীয়|নেতৃস্থানীয়|নেতৃস্থানীয়|নেতৃস্থানীয়|নেতৃস্থানীয়	false
পরিষেবার	87	porishebar	প|পো|পর|পড়ি|পরিস|পরিস|পরিশে|পৃষ্ঠতলে|পরিষেবা|পরিষেবার	true
ট্রিনিটি	87	triniti	ত|ত্রয়|ট্রি|তৃণ|তৃণি|ত্রিনিত|ট্রিনিটি	true
নৃ	87	nrri	ন|নর|নর|নৃ	false
নীহারিকা	87	niiharika	ন|নি|নিই|নীহ|নীহা|নিহার|নিহারি|নীহারিক|নীহারিকা	false
কৃষ্ণনগরের	87	krrishnonogorer	ক|ক্রয়|ক্রয়র|ক্র্রি|কৃষ|কৃষ|কৃষ্ণ|কৃষ্ণ|কৃষ্ণনগর|কৃষ্ণনগর|কৃষ্ণনগর|কৃষ্ণনগর|কৃষ্ণনগর|কৃষ্ণনগরে|কৃষ্ণনগরের	false
গৃহস্থ	87	grrihosth	গ|গড়র|গর|গ্র্রি|গৃহ|গৃহ|গৃহস্হ|গ্র্রিহস্ত|গৃহস্থ	false
পারিজাত	87	parijat	প|পা|পর|পারি|পারিজ|পারিজা|পারিজাত	false
ফিরিল	87	phiril	প|ফ|ফি|ফির|ফিরি|ফিরিল	false
চকরিয়া	86	chokoriya	ছ|চ|চো|চোখ|চকো|চকোর|চকোরী|চকরিয়|চকরিয়া	false
তৃণমূল	86	trrinomuul	ত|ত্রয়|ট্রয়র|ত্র্রি|তৃণ|তৃণ|তৃণমূল|তৃণমূল|তৃণমূল|তৃণমূল	false
কৃতিত্বের	86	krrititber	ক|ক্রয়|ক্রয়র|ক্র্রি|কৃত|কৃতি|ক্র্রিতিত|কৃতিত্ব|কৃতিত্বে|কৃতিত্বের	false
মজুরি	86	mojuri	ম|মো|মৌজ|মজু|মজুর|মজুরি	false
কারিগর	86	karigor	ক|কা|কার|কারী|কারিগ|কারিগ|কারিগর	false
মৃন্ময়ী	86	mrrinmoyii	ম|ময়র|মর|ম্র্রি|ম্র্রিন|মৃন্ময়|মৃন্ময়|মৃন্ময়|মৃন্ময়ী|মৃন্ময়ী	false
পূরিত	86	puurit	প|পুড়|পূগ|পূর|পূরী|পূরিত	false
খ্রিষ্টীয়	85	khrishtiiy	ক|খ|খর|খ্রি|খ্রিস|খ্রীষ্ট|খ্রিষ্ট|খ্রিষ্টি|খ্রিষ্টী|খ্রিষ্টীয়	false
নামকরণকৃত	85	namokoronokrrit	ন|না|নাম|নামা|নামক|নামকো|নামকর|নামকরা|নামকরণ|নামকরণ|নামকরনক|নামকরণকরা|নামকরণকরা|নামকরণকৃত|নামকরণকৃত	false
পরিবহণ	85	poribohon	প|পো|পর|পড়ি|পরিব|পরিব|পরিবহ|পরিবহ|পরিবহন	false
পরিচয়ের	85	porichoyer	প|পো|পর|পড়ি|পড়িছ|পরিচয়|পরিচয়|পরিচয়|পরিচয়ে|পরিচয়ের	false
মরিয়ম	85	moriyom	ম|মো|মোড়|মরি|মোরিয়|মরিয়ো|মরিয়ম	false
জীবনচরিত	85	jiibonochorit	জ|জি|জী|জীব|জীব|জীবন|জীবন|জীবনছ|জীবন|জীবনচলা|জীবনচরিত|জীবনচরিত|জীবনচরিত	false
নিবৃত্তি	85	nibrritti	ন|নি|নিব|নিবর|নিব্র|নিবৃত|নিবৃত|নিবৃত্ত|নিবৃত্তি	false
এতাদৃশ	85	etadrrish	এ|এত|এটা|এতাদ|এতাদ্র|এতাদৃশ|এতাদৃশ|এতাদৃশ|এতাদৃশ	false
ধরিবার	85	dhoribar	দ|ঢ|ধোয়|ধর|ধরি|ধরিব|ধরিবা|ধরিবার	false
কৃষিকাজ	84	krrishikaj	ক|ক্রয়|ক্রয়র|ক্র্রি|কৃষ|কৃষ|কৃষি|কৃষিকে|কৃষিকা|কৃষিকাজ	false
তান্ত্রিক	84	tantrik	ত|তা|টান|তাঁত|টানত্র|তান্ত্রি|তান্ত্রিক	false
ক্ষত্রিয়ের	84	kkhotriyer	ক|কড়ক|ক্ষ|ক্ষ|ক্ষত|ক্ষত্র|ক্ষত্রী|ক্ষত্রিয়|ক্ষত্রিয়ে|ক্ষত্রিয়ের	false
করিতেই	84	koritei	ক|কো|কর|করি|করিত|করিতে|করিতেই	false
ধরিলেন	84	dhorilen	দ|ঢ|ধোয়|ধর|ধরি|ধরিল|ধরিলে|ধরিলেন	false
মৃৎশিল্প	83	mrritoshilp	ম|ময়র|মর|ম্র্রি|মৃত|মৃত|মৃত|মৃত|মৃতশিশু|মৃতশিশু|মৃৎশিল্প	false
খ্রিস্টানদের	83	khristanoder	ক|খ|খর|খ্রি|খ্রিস|খ্রিষ্ট|খ্রিষ্টা|খ্রিস্টান|খ্রিস্টান|খ্রিস্তানদ|খ্রিস্টানদের|খ্রিস্টানদের	false
ব্যাকটেরিয়ার	83	byakoteriyar	ব|ব্য|ব্যা|ব্যাক|ব্যাক|ব্যাংককোত|ব্যাকতে|ব্যাকতের|ব্যাংককে|ব্যাকতেরিয়|ব্যাকটেরিয়া|ব্যাকটেরিয়ার	false
ব্রিগেডিয়ার	83	brigediyar	ব|বড়র|ব্রি|ব্রিগ|ব্রিগে|ব্রিগেড|ব্রিগেডি|ব্রিগেদিয়|ব্রিগেদিয়া|ব্রিগেডিয়ার	false
ডিস্ট্রিবিউশন	83	distribiushon	দ|দি|দিস|দিস্ত|দিস্ত্র|দিস্তার|দিস্তার|দিস্ত্রিবি|দিস্ত্রিবিউ|দিস্ত্রিবিউস|দিস্ত্রিবিউশ|দিস্ত্রিবিউশ|ডিস্ট্রিবিউশন	false
ব্যাটারি	83	byatari	ব|ব্য|ব্যা|ব্যাট|ব্যাটা|ব্যাটার|ব্যাটারি	false
অপরিবর্তিত	83	oporibortit	ও|অপ|অপ|ওপর|ওপরি|ওপরিব|ওপরিব|ওপরিবর|অপকীর্তি|অপরিবর্তী|অপরিবর্তিত	false
নৃশংস	83	nrrishongs	ন|নর|নর|নৃ|ন্র্রিস|ন্র্রিশ|ন্র্রিশ|ন্র্রিশন|ন্র্রিশং|নৃশংস	false
প্রভৃতিতে	83	probhrritite	প|প্র|প্রো|প্রোব|প্রভ|প্রভ্র|প্রভ্র|প্রভাকরের|প্রভ্র্রিত|প্রভৃতি|প্রভ্র্রিতিত|প্রভৃতিতে	false
হৃদে	83	hrride	হ|এচার|হরর|হ্র্রি|হৃদ|হৃদে	false
তৃষ্ণ	83	trrishn	ত|ত্রয়|ট্রয়র|ত্র্রি|তৃষ্য|তৃষ্য|তৃষ্ণ	false
ফ্রিকোয়েন্সি	82	frikoyensi	ফ|ফর|ফ্রি|ফ্রিক|ফ্রিক|ফ্রিকয়|ফ্রিকয়ে|ফ্রিকয়েন|ফ্রিকয়েন্স|ফ্রিকোয়েন্সি	false
বিশৃঙ্খল	82	bishrringkhol	ব|বি|বিশ্ব|বিষয়|বিষয়র|বিষয়্র|বিশ্র্রি|বিশ্রামহীন|bishrring|বিশ্র্রিংক|বিশ্র্রিংখ|বিশ্র্রিংখ|বিশৃঙ্খল	false
সুদৃঢ়	82	sudrrirh	সঃ|সু|সুদ|শূদ্র|সুড্র|সুদৃঢ়|সুদৃঢ়|সুদৃঢ়	false
অকৃত্রিম	82	okrritrim	ও|ওকে|ওকের|অকর|ওক্র্রি|অকৃত|ওক্র্রিত্র|ওক্র্রিত্রি|অকৃত্রিম	false
অমৃতের	82	omrriter	ও|ওম|অম্র|ওম্র|ওম্র্রি|অমৃত|অমৃতে|অমৃতের	false
হৃদয়েতে	82	hrridoyete	হ|এচার|হরর|হ্র্রি|হৃদ|হৃদ|হৃদয়|হৃদয়ে|হ্র্রিদয়েত|হৃদয়েতে	false
দৃষ্টিভঙ্গির	81	drrishtibhongoir	দ|ড্র|ড্রর|দ্র্রি|দৃশ্য|দৃশ্য|দৃষ্ট|দৃষ্টি|দ্র্রিশ্তিব|দ্র্রিশ্তিভ|দৃষ্টিকোণ|দৃষ্টিকোণ|দৃষ্টিভঙ্গি|দৃষ্টিভঙ্গি|দৃষ্টিভঙ্গি|দৃষ্টিভঙ্গির	false
ফ্রেডেরিক	81	frederik	ফ|ফর|ফরে|ফ্রেড|ফ্রেদে|ফ্রেডের|ফ্রেদেরি|ফ্রেডেরিক	false
চরিত্রটি	81	choritroti	ছ|চ|চো|চর|চড়ি|চরিত|চরিত্র|চরিত্র|চরিত্রত|চরিত্রটি	false
ফরিদগঞ্জ	81	phoridogonj	প|ফ|ফো|ফর|ফরি|ফরিদ|ফরিদ|ফরিদগ|ফরিদগ|ফরিদগন|ফরিদগঞ্জ	false
মৃগয়া	81	mrrigoya	ম|ময়র|মর|ম্র্রি|মৃগ|মৃগ|ম্র্রিগয়|মৃগয়া	false
করিলি	81	korili	ক|কো|কর|করি|করিল|করিলি	false
জেরি	80	jeri	জ|জে|জয়ের|জেরি	false
পরিচালকের	80	porichaloker	প|পো|পর|পড়ি|পড়িছ|পরিচয়|পরিচয়া|পরিচাল|পরিচাল|পরিচালক|পরিচালকে|পরিচালকের	false
বিক্রির	80	bikrir	ব|বি|বিক|বিক্র|বিক্রি|বিক্রির	false
বৃহস্পতিবার	80	brrihospotibar	ব|বড়র|বর|ব্র্রি|বৃহ|বৃহ|ব্র্রিহস|বৃহস্প|বৃহস্প|বৃহস্পতি|বৃহস্পতি|বৃহস্পতিবার|বৃহস্পতিবার|বৃহস্পতিবার	false
নিঃসৃত	80	nissrrit	ন|নি|নিঃস্ব|নিঃস্ব|নিস্স্র|নিস্ক্রিয়|নিস্ক্রিয়|নিঃসৃত	false
রিভিউ	80	ribhiu	র|রি|রিব|রিভ|রিভি|রিভিউ	false
যকৃতের	80	zokrriter	য|জো|যক|জক্র|জক্র্র|যকৃত|যকৃত|যকৃতে|যকৃতের	false
চিরিয়া	80	chiriya	ছ|চ|ছি|চির|চিরি|চিরিয়|চিড়িয়া	false
মাত্রিক	79	matrik	ম|মা|মাত|মাত্র|মাতৃ|মাত্রিক	true
নাগরিকের	79	nagoriker	ন|না|নাগ|নাগা|নাগর|নাগরি|নাগরিক|নাগরিকে|নাগরিকের	false
ধরিয়ে	79	dhoriye	দ|ঢ|ধোয়|ধর|ধরি|ধরিয়|ধরিয়ে	false
মৃত্তিকার	79	mrrittikar	ম|ময়র|মর|ম্র্রি|মৃত|মৃত্তিকা|মৃত্তিকা|মৃত্তিকা|মৃত্তিকা|মৃত্তিকার	false
খৃষ্টাব্দ	79	khrrishtabd	ক|খ|খর|খ্র|খ্র্রি|খ্র্রিস|খ্রিষ্ট|খৃষ্ট|খৃষ্টা|খ্র্রিশ্তাব|খৃষ্টাব্দ	false
হিস্ট্রি	78	histri	হ|হি|হিস|হিস্ত|হিস্ত্র|হিস্ট্রি	false
মিসৌরি	78	misouri	ম|মি|মিস|মিসো|মিসো|মিসর|মিসৌরি	false
বরিশালের	78	borishaler	ব|বো|বড়|বড়ি|বরিস|বরিশ|বরিষা|বরিশাল|বরিশালে|বরিশালের	false
সারিতে	78	sarite	সঃ|সা|সার|সারি|সারিত|সারিতে	false
মিশনারি	78	mishonari	ম|মি|মিস|মিশ|মিশো|মিশন|মিশনো|মিশনার|মিশনারি	false
জরিমানা	78	jorimana	জ|জো|জোর|জরি|জরিম|জড়িমা|জরিমান|জরিমানা	false
কৃৎ	78	krrit	ক|ক্রয়|ক্রয়র|ক্র্রি|কৃত	false
অদৃষ্টের	78	odrrishter	ও|অড|ওড্র|অড্র|অদ্র্রি|অদৃশ্য|অদৃশ্য|অদৃষ্ট|অদৃষ্টে|অদৃষ্টের	false
ক্যারিয়ারের	77	kyariyarer	ক|ক্য|ক্যা|ক্যার|ক্যারি|ক্যারিয়|ক্যারিয়া|ক্যারিয়ার|ক্যারিয়ারে|ক্যারিয়ারের	false
মেমোরি	77	memori	ম|মে|মেম|মেমো|মেমোর|মেমরি	false
অকৃষি	77	okrrishi	ও|ওকে|ওকের|অকর|ওক্র্রি|অকৃষি|অকৃষি|অকৃষি	false
সৃষ্টিকারী	77	srrishtikarii	সঃ|সিনিয়ার|স্র্র|স্র্রি|স্র্রিস|স্র্রিশ|সৃষ্ট|সৃষ্টি|স্র্রিশ্তিক|স্রষ্টা|সৃষ্টিকার্য|সৃষ্টিকারী|সৃষ্টিকারী	false
পরিকল্পনায়	77	porikolponay	প|পো|পর|পড়ি|পরিক|পৃথক|পৃথক|পরিকল্প|পরিকল্প|পরিকল্পন|পরিকল্পনা|পরিকল্পনায়	true
গ্রেগরি	77	gregori	গ|গড়র|গ্রে|গ্রেগ|গ্রেগ|গ্রেগর|গ্রেগরি	false
পরিব্রাজক	77	poribrajok	প|পো|পর|পড়ি|পরিব|পৃথক্করণ|পরিবরা|পরিব্রাজ|পরিব্রাজ|পরিব্রাজক	true
কৃতজ্ঞতা	77	krritogyota	ক|ক্রয়|ক্রয়র|ক্র্রি|কৃত|কৃৎ|কৃতজ্ঞ|কৃতজ্ঞ|কৃতজ্ঞ|কৃতজ্ঞতা|কৃতজ্ঞতা	false
দরিদ্রের	77	doridrer	দ|ডঃ|দর|দড়ি|দরিদ|দরিদ্র|দরিদ্রে|দরিদ্রের	false
কৃষ্ণনগরে	77	krrishnonogore	ক|ক্রয়|ক্রয়র|ক্র্রি|কৃষ|কৃষ|কৃষ্ণ|কৃষ্ণ|কৃষ্ণনগর|কৃষ্ণনগর|কৃষ্ণনগর|কৃষ্ণনগর|কৃষ্ণনগর|কৃষ্ণনগরে	false
খৃষ্ট	77	khrrisht	ক|খ|খর|খ্র|খ্র্রি|খ্র্রিস|খ্রিষ্ট|খৃষ্ট	false
শৃগাল	77	shrrigal	সঃ|শ|শ্রয়|শ্র|শ্র্রি|শ্রকৃষ্ণ|শ্র্রিগা|শৃগাল	false
মেরিন	76	merin	ম|মে|মেয়র|মেরি|মেরিন	false
বিক্রিয়ায়	76	bikriyay	ব|বি|বিক|বিক্র|বিক্রি|বিক্রিয়|বিক্রিয়া|বিক্রিয়ায়	false
ত্রিমাত্রিক	76	trimatrik	ত|ত্রয়|ট্রি|ট্রিম|ট্রিমা|ত্রিমাত|ত্রিমাত্র|ত্রিমাত্রি|ত্রিমাত্রিক	false
বৃশ্চিক	76	brrishchik	ব|বড়র|বর|ব্র্রি|বৃষ|বৃষ|বৃষ|বৃশ্চিক|বৃশ্চিক|বৃশ্চিক	false
হরিবংশ	76	horibongsh	হ|হো|হর|হরি|হরিব|হরিব|হরিবন|হৃত্বিক|হরিবংশ|হরিবংশ	true
পরিণামে	76	poriname	প|পো|পর|পড়ি|পরিণয়|পরিনা|পরিণাম|পরিণামে	false
হেরিয়া	76	heriya	হ|হয়ে|হের|হেরি|হেরিয়|হেরিয়া	false
মহামারি	75	mohamari	ম|মো|মোঃ|মহা|মহাম|মহামারী|মহামার|মহামারী	false
নাইজেরিয়ার	75	naijeriyar	ন|না|নাই|নাইজ|নাইয়ে|নাইজেরীয়|নাইজেল|নাইজেরীয়|নাইজেরিয়া|নাইজেরিয়ার	false
ডুমুরিয়া	75	dumuriya	দ|দু|ডুম|দুম|ডুমুর|ডুমুরি|দুমুরিয়|ডুমুরিয়া	false
আলেকজান্দ্রিয়া	75	alekojandriya	আ|আল|আলে|আলেক|আলেক|আলেকজ|আলেকজা|আলেকজান|আলেকজান্দর|আলেকজান্দর|আলেকজান্দ্রিয়া|আলেকজান্দ্রিয়া|আলেকজান্দ্রিয়া	false
পৃষ্ঠপোষকতা	75	prrishthoposhokota	প|প্র|প্রর|প্র্রি|প্র্রিস|পৃষ্ঠ|পৃষ্ট|পৃষ্ঠ|পৃষ্ঠ|পৃষ্ঠপোষক|পৃষ্ঠপোষক|পৃষ্ঠপোষক|পৃষ্ঠপোষক|প্র্রিশ্থপশ|পৃষ্ঠপোষক|প্র্রিশ্থপশক|পৃষ্ঠপোষকতা|পৃষ্ঠপোষকতা	false
তৃণভূমি	75	trrinobhuumi	ত|ত্রয়|ট্রয়র|ত্র্রি|তৃণ|তৃণ|তৃণবত|তৃণভূমি|তৃণভূমি|তৃণভূমি|তৃণভূমি|তৃণভূমি	false
বিষ্ণুপ্রিয়া	75	bishnupriya	ব|বি|বিশ্ব|বিষয়|বিশ্ন|বিষ্ণু|বিষ্ণুপদ|বিষ্ণুপ্রিয়া|বিশ্নুপ্রি|বিষ্ণুপ্রিয়া|বিষ্ণুপ্রিয়া	false
পরিশ্রমের	75	porishromer	প|পো|পর|পড়ি|পরিস|পরিস|পরিসর|পরিশ্র|পরিশ্রম|পরিশ্রমে|পরিশ্রমের	false
ঘুরি	75	ghuri	গ|ঘ|ঘুড়|ঘর|ঘুড়ি	false
ত্রিভুবন	75	tribhubon	ত|ত্রয়|ট্রি|ত্রিব|ত্রিভ|তৃণভূমি|তৃভূবনে|তৃভূবনে|ত্রিভুবন	true
তৃষিত	75	trrishit	ত|ত্রয়|ট্রয়র|ত্র্রি|তৃষ্য|তৃষ্য|টৃশি|তৃষিত	false
এরিস্টটল	74	eristotol	এ|এর|এরি|এরিস|এরিস্ত|এরিস্ত|এরিস্তত|এরিস্তত|এরিস্টটল	false
গ্যারি	74	gyari	গ|জ্ঞ|গ্যা|গ্যার|গ্যারি	false
ব্যাক্টেরিয়া	74	byakteriya	ব|ব্য|ব্যা|ব্যাক|ব্যাক্ত|ব্যাক্ত|ব্যাক্তের|ব্যাক্তিকে|ব্যাক্তিকে|ব্যাক্টেরিয়া	false
ভান্ডারিয়া	74	bhandariya	ব|ভ|ভা|ভ্যান|ভাণ্ড|ভান্ডা|ভাণ্ডার|ভাণ্ডারী|ভাণ্ডারীয়|ভান্ডারিয়া	false
বক্তৃতায়	74	boktrritay	ব|বো|বক|ব্যক্ত|বক্ত্র|বক্ত্র|বক্ত্র্রি|বক্তৃতা|বক্তৃতা|বক্তৃতায়	false
শ্রীকৃষ্ণ	74	shriikrrishn	সঃ|শ|শ্রয়|শ্রী|শ্রী|শরীক|শ্রীকর|শ্রীকর|শ্রীকৃষ্ণ|শ্রীকৃষ্ণ|শ্রীকৃষ্ণ|শ্রীকৃষ্ণ	false
পরিচ্ছন্ন	74	porichchonn	প|পো|পর|পড়ি|পড়িছ|পরিচয়|পৃচ্ছা|পরিচ্চ|পৃচ্ছা|পরিচ্ছন্ন|পরিচ্ছন্ন	true
মুখরিত	74	mukhorit	ম|মু-|মুক|মুখ|মুখো|মুখর|মুখোরি|মুখরিত	false
প্রিয়ার	74	priyar	প|প্র|প্রিয়|প্রিয়|প্রিয়|প্রিয়ার	false
